{
   "version":1,
   "story":[
      {
      "id":1,
      "audio":"Que_ngoai_Hoang_Tru/story/story_1/audio.mp3",
      "images":[
         "Que_ngoai_Hoang_Tru/story/story_1/images/image_1.jpg",
         "Que_ngoai_Hoang_Tru/story/story_1/images/image_2.jpg"
      ],
      "description":"Thưa quý khách, về với Nam Đàn, là về với quê hương của Chủ tịch Hồ Chí Minh. Di tích quốc gia đặc biệt khu di tích Kim Liên là nơi lưu giữ những kỷ vật vô giá về quê hương, gia đình thời niên thiếu và hai lần Người về thăm quê. Đó là quê ngoại Hoàng Trù - nơi Bác của chúng ta cất tiếng khóc chào đời và gắn bó 5 năm đầu tiên tuổi ấu thơ. Là làng Sen – quê nội, nơi có ngôi nhà Bác Hồ gắn bó 5 năm thời niên thiếu từ khi Người 11 đến 16 tuổi, nơi bước đầu góp phần hình thành tình yêu quê hương đất nước, ý chí giải phóng dân tộc của Bác. Khu di tích ẩn mình sau luỹ tre xanh vẫn còn đó nếp nhà tranh giản dị, những kỷ vật thân thương nhuốm màu thời gian hơn một thế kỷ đã đi vào lịch sử của nhân loại, trở thành tài sản vô giá của dân tộc. Tất cả các di sản đã phần nào nói được cuộc đời của Chủ tịch Hồ Chí Minh - Anh hùng giải phóng dân tộc Việt Nam, nhà văn hóa kiệt xuất, người con ưu tú bậc nhất của xứ Nghệ và của đất nước Việt Nam. Tới thăm khuôn viên khu mộ bà Hoàng Thị Loan, thân mẫu Bác Hồ - người con gái xứ Nghệ đẹp người, đẹp nết, là người có ảnh hưởng lớn trong việc hình thành nên nhân cách cao đẹp của cậu bé Nguyễn Sinh Cung mà sau này là chủ tịch Hồ Chí Minh vĩ đại của dân tộc Việt Nam.\n\nBác Hồ của chúng ta, Người dành trọn 1 đời vì dân vì nước, gác lại tình riêng, yêu thương tất cả chỉ quên mình. Dẫu nặng lòng thương nhớ quê hương nhưng Người luôn đặt lợi ích quốc gia, dân tộc lên trên hết. Ngày đêm lo lắng cho cuộc đấu tranh giành độc lập tự do cho tổ quốc, vì hạnh phúc của nhân dân. Suốt cuộc trường trình ấy, Người chỉ được về thăm quê được 2 lần vào tháng 6 năm 1957 và tháng 12 năm 1961. Từ trong sâu thẳm trái tim mình Người luôn giành cho quê hương 1 tình cảm đặc biệt: “quê hương nghĩa trọng tình cao, 50 năm ấy, biết bao nhiêu tình”.\n\nXin mời Quý khách tham quan theo hướng dẫn, quét mã QR hoặc bấm số biểu tượng Audioguide tại các điểm thuyết minh để lắng nghe những câu chuyện gắn bó với tuổi thơ người anh hùng dân tộc, vị cha già của dân tộc Việt Nam – chủ tịch Hồ Chí Minh. Chúc quý khách một buổi tham quan ý nghĩa và tràn đầy cảm xúc!"
      },
      {
      "id":2,
      "audio":"Que_ngoai_Hoang_Tru/story/story_2/audio.mp3",
      "images":[
         "Que_ngoai_Hoang_Tru/story/story_2/images/image_1.jpg"
      ],
      "description":"Thưa Quý khách!\n\nTừ ngã ba Mậu Tài thuộc xã Kim Liên – xưa là làng Sài, quê hương của cụ Hà Thị Hy, bà nội của Bác Hồ. Quý khách đi dọc theo con đường nhựa uốn mềm như dải lụa dài hơn 1km, vào dịp tháng 5, con đường càng đẹp hơn bởi những đầm sen nở rộ. Cuối con đường, hiện ra trước mắt là cảnh làng quê bình dị như bao làng quê Việt, đó là làng Hoàng Trù (làng Chùa) – một cái tên đã đi vào lịch sử, vào trái tim triệu triệu người con Việt Nam và bạn bè quốc tế. Bởi nơi đây gắn liền với tên tuổi của một vĩ nhân – Hồ Chí Minh, anh hùng giải phóng dân tộc, nhà văn hóa kiệt suất. Mảnh đất Hoàng Trù là nơi nuôi dưỡng và ươm trồng tài năng của ông Nguyễn Sinh Sắc, là nơi ông gặp và cùng xây đắp hạnh phúc với người con gái xứ Nghệ xinh đẹp, nhân hậu là bà Hoàng Thị Loan. Cũng chính nơi làng Chùa ấy, giữa mùa hoa sen nở, Bác Hồ của chúng ta đã cất tiếng khóc chào đời. 5 năm sống tại Hoàng Trù, Người được sống trong tình yêu thương của ông bà ngoại, bố mẹ, dì An, anh chị và bà con lối xóm. Để rồi mãi sau này, qua hơn nửa thế kỷ xa nhà, khi có dịp trở lại, Người đã vô cùng xúc động nhớ lại những tháng năm đầm ấm, hạnh phúc bên gia đình.\n\nXin mời quý khách dừng chân tại các quầy lưu niệm, nghỉ ngơi và thưởng thức những đặc sản nổi tiếng xứ Nghệ, trước khi bắt đầu chuyến tham quan cụm di tích quê ngoại – Hoàng Trù."
      },
      {
      "id":3,
      "audio":"Que_ngoai_Hoang_Tru/story/story_3/audio.mp3",
      "images":[],
      "description":"Thưa Quý khách!\n\nTrước mắt Quý khách là dãy các quầy hàng lưu niệm tại cụm di tích Hoàng Trù. Để đáp ứng nhu cầu của du khách tới tham quan, ban quản lý khu di tích đã cho xây dựng dãy kiosk để du khách có thể vừa tham quan vừa có thể mua những món lưu niệm, những sản vật quê hương Nam Đàn về làm quà. Quý khách có thể mua những đặc sản của sứ Nghệ như kẹo Cu Đơ, tương Nam Đàn, Nhút Thanh Chương, Tinh Nghệ, Chè Sen, sắn dây hoặc là những mẫu quần áo, túi xách, mũ nón được in hình quê hương của Bác. Ngoài ra, có thể mua những bức tượng đúc bằng đá in hình ảnh quê nội, quê ngoại Bác và hình ảnh Bác... Đặc biệt, những người bán hàng ở đây đa phần đều là con cháu của những gia đình hàng xóm của Bác ngày xưa và có cả cháu chắt của bên ngoại Bác.\n \nSau vài phút dừng chân, sau đây xin mời quý khách bắt đầu chuyến tham quan cụm di tích làng Hoàng Trù. Quý khách đi theo chỉ dẫn, quét mã QR hoặc bấm mã số tương ứng để lắng nghe những câu chuyện tại các điểm tham quan. Chúc quý khách có 1 chuyến tham quan đầy ý nghĩa."
      }
   ]
}