{
   "version":3,
   "story":[
      {
      "id":1,
      "audio":"Que_ngoai_Hoang_Tru/story/story_1/audio.mp3",
      "images":[
         "Que_ngoai_Hoang_Tru/story/story_1/images/image_1.png",
         "Que_ngoai_Hoang_Tru/story/story_1/images/image_2.png"
      ],
      "description":"Welcome to visit Kim Lien relic site - the hometown of our great and beloved President Ho Chi Minh.\n\nLadies and gentlemen, to return to Nam Dan is to return to the homeland of President Ho Chi Minh. A special national relic, the Kim Lien relic site is a place to keep priceless memorabilia about his homeland, his family during his youth and the two times he visited his hometown. It is Hoang Tru's maternal hometown - where our Uncle cried for birth and spent the first 5 years of his childhood. It is Sen village - the homeland, where Uncle Ho lived for 5 years when he was a teenager from the age of 11 to 16, where he initially contributed to the formation of his love for the country and the will to liberate the nation. . The relic site hidden behind the green bamboo rampart still has simple cottages, dear memorabilia tinged with more than a century of time that have entered the history of mankind, becoming invaluable assets of the nation.\n\nWelcome to visit Kim Lien relic site - the hometown of our great and beloved President Ho Chi Minh.\n\nLadies and gentlemen, to return to Nam Dan is to return to the homeland of President Ho Chi Minh. A special national relic, the Kim Lien relic site is a place to keep priceless memorabilia about his homeland, his family during his youth and the two times he visited his hometown. It is Hoang Tru's maternal hometown - where our Uncle cried for birth and spent the first 5 years of his childhood. It is Sen village - the homeland, where Uncle Ho lived for 5 years when he was a teenager from the age of 11 to 16, where he initially contributed to the formation of his love for the country and the will to liberate the nation. . The relic site hidden behind the green bamboo rampart still has simple cottages, dear memorabilia tinged with more than a century of time that have entered the history of mankind, becoming invaluable assets of the nation.\n\nWelcome to visit Kim Lien relic site - the hometown of our great and beloved President Ho Chi Minh.\n\nLadies and gentlemen, to return to Nam Dan is to return to the homeland of President Ho Chi Minh. A special national relic, the Kim Lien relic site is a place to keep priceless memorabilia about his homeland, his family during his youth and the two times he visited his hometown. It is Hoang Tru's maternal hometown - where our Uncle cried for birth and spent the first 5 years of his childhood. It is Sen village - the homeland, where Uncle Ho lived for 5 years when he was a teenager from the age of 11 to 16, where he initially contributed to the formation of his love for the country and the will to liberate the nation. . The relic site hidden behind the green bamboo rampart still has simple cottages, dear memorabilia tinged with more than a century of time that have entered the history of mankind, becoming invaluable assets of the nation."
      },
      {
      "id":2,
      "audio":"Que_ngoai_Hoang_Tru/story/story_2/audio.mp3",
      "images":[
         "Que_ngoai_Hoang_Tru/story/story_2/images/image_1.png"
      ],
      "description":"Sir/Madam!\n\nFrom Mau Tai junction in Kim Lien commune - formerly Sai village, the hometown of Ha Thi Hy, Uncle Ho's grandmother. You go along the soft plastic road like a silk strip more than 1km long, in May, the road is more beautiful by blooming lotus ponds. At the end of the road, appearing in front of you is an idyllic village scene like many Vietnamese villages, that is Hoang Tru village (Chua village) - a name that has gone down in history, into the hearts of millions of Vietnamese children and friends. international friends. Because this place is associated with the name of a great man - Ho Chi Minh, a hero of national liberation, an outstanding cultural house. The land of Hoang Tru is the place to nurture and cultivate the talents of Mr. Nguyen Sinh Sac, where he met and built happiness with the beautiful and kind daughter of Nghe, Mrs. Hoang Thi Loan.\n\nSir/Madam!\n\nFrom Mau Tai junction in Kim Lien commune - formerly Sai village, the hometown of Ha Thi Hy, Uncle Ho's grandmother. You go along the soft plastic road like a silk strip more than 1km long, in May, the road is more beautiful by blooming lotus ponds. At the end of the road, appearing in front of you is an idyllic village scene like many Vietnamese villages, that is Hoang Tru village (Chua village) - a name that has gone down in history, into the hearts of millions of Vietnamese children and friends. international friends. Because this place is associated with the name of a great man - Ho Chi Minh, a hero of national liberation, an outstanding cultural house. The land of Hoang Tru is the place to nurture and cultivate the talents of Mr. Nguyen Sinh Sac, where he met and built happiness with the beautiful and kind daughter of Nghe, Mrs. Hoang Thi Loan."
      },
      {
      "id":3,
      "audio":"Que_ngoai_Hoang_Tru/story/story_3/audio.mp3",
      "images":[],
      "description":"Welcome to visit Kim Lien relic site - the hometown of our great and beloved President Ho Chi Minh.\n\nLadies and gentlemen, to return to Nam Dan is to return to the homeland of President Ho Chi Minh. A special national relic, the Kim Lien relic site is a place to keep priceless memorabilia about his homeland, his family during his youth and the two times he visited his hometown. It is Hoang Tru's maternal hometown - where our Uncle cried for birth and spent the first 5 years of his childhood. It is Sen village - the homeland, where Uncle Ho lived for 5 years when he was a teenager from the age of 11 to 16, where he initially contributed to the formation of his love for the country and the will to liberate the nation. . The relic site hidden behind the green bamboo rampart still has simple cottages, dear memorabilia tinged with more than a century of time that have entered the history of mankind, becoming invaluable assets of the nation.\n\nWelcome to visit Kim Lien relic site - the hometown of our great and beloved President Ho Chi Minh.\n\nLadies and gentlemen, to return to Nam Dan is to return to the homeland of President Ho Chi Minh. A special national relic, the Kim Lien relic site is a place to keep priceless memorabilia about his homeland, his family during his youth and the two times he visited his hometown. It is Hoang Tru's maternal hometown - where our Uncle cried for birth and spent the first 5 years of his childhood. It is Sen village - the homeland, where Uncle Ho lived for 5 years when he was a teenager from the age of 11 to 16, where he initially contributed to the formation of his love for the country and the will to liberate the nation. . The relic site hidden behind the green bamboo rampart still has simple cottages, dear memorabilia tinged with more than a century of time that have entered the history of mankind, becoming invaluable assets of the nation.\n\nWelcome to visit Kim Lien relic site - the hometown of our great and beloved President Ho Chi Minh.\n\nLadies and gentlemen, to return to Nam Dan is to return to the homeland of President Ho Chi Minh. A special national relic, the Kim Lien relic site is a place to keep priceless memorabilia about his homeland, his family during his youth and the two times he visited his hometown. It is Hoang Tru's maternal hometown - where our Uncle cried for birth and spent the first 5 years of his childhood. It is Sen village - the homeland, where Uncle Ho lived for 5 years when he was a teenager from the age of 11 to 16, where he initially contributed to the formation of his love for the country and the will to liberate the nation. . The relic site hidden behind the green bamboo rampart still has simple cottages, dear memorabilia tinged with more than a century of time that have entered the history of mankind, becoming invaluable assets of the nation."
      },
      {
      "id":4,
      "audio":"Que_ngoai_Hoang_Tru/story/story_4/audio.mp3",
      "images":[],
      "description":"Sir/Madam!\n\nFrom Mau Tai junction in Kim Lien commune - formerly Sai village, the hometown of Ha Thi Hy, Uncle Ho's grandmother. You go along the soft plastic road like a silk strip more than 1km long, in May, the road is more beautiful by blooming lotus ponds. At the end of the road, appearing in front of you is an idyllic village scene like many Vietnamese villages, that is Hoang Tru village (Chua village) - a name that has gone down in history, into the hearts of millions of Vietnamese children and friends. international friends. Because this place is associated with the name of a great man - Ho Chi Minh, a hero of national liberation, an outstanding cultural house. The land of Hoang Tru is the place to nurture and cultivate the talents of Mr. Nguyen Sinh Sac, where he met and built happiness with the beautiful and kind daughter of Nghe, Mrs. Hoang Thi Loan.\n\nSir/Madam!\n\nFrom Mau Tai junction in Kim Lien commune - formerly Sai village, the hometown of Ha Thi Hy, Uncle Ho's grandmother. You go along the soft plastic road like a silk strip more than 1km long, in May, the road is more beautiful by blooming lotus ponds. At the end of the road, appearing in front of you is an idyllic village scene like many Vietnamese villages, that is Hoang Tru village (Chua village) - a name that has gone down in history, into the hearts of millions of Vietnamese children and friends. international friends. Because this place is associated with the name of a great man - Ho Chi Minh, a hero of national liberation, an outstanding cultural house. The land of Hoang Tru is the place to nurture and cultivate the talents of Mr. Nguyen Sinh Sac, where he met and built happiness with the beautiful and kind daughter of Nghe, Mrs. Hoang Thi Loan."
      },
      {
      "id":5,
      "audio":"Que_ngoai_Hoang_Tru/story/story_5/audio.mp3",
      "images":[],
      "description":"Welcome to visit Kim Lien relic site - the hometown of our great and beloved President Ho Chi Minh.\n\nLadies and gentlemen, to return to Nam Dan is to return to the homeland of President Ho Chi Minh. A special national relic, the Kim Lien relic site is a place to keep priceless memorabilia about his homeland, his family during his youth and the two times he visited his hometown. It is Hoang Tru's maternal hometown - where our Uncle cried for birth and spent the first 5 years of his childhood. It is Sen village - the homeland, where Uncle Ho lived for 5 years when he was a teenager from the age of 11 to 16, where he initially contributed to the formation of his love for the country and the will to liberate the nation. . The relic site hidden behind the green bamboo rampart still has simple cottages, dear memorabilia tinged with more than a century of time that have entered the history of mankind, becoming invaluable assets of the nation.\n\nWelcome to visit Kim Lien relic site - the hometown of our great and beloved President Ho Chi Minh.\n\nLadies and gentlemen, to return to Nam Dan is to return to the homeland of President Ho Chi Minh. A special national relic, the Kim Lien relic site is a place to keep priceless memorabilia about his homeland, his family during his youth and the two times he visited his hometown. It is Hoang Tru's maternal hometown - where our Uncle cried for birth and spent the first 5 years of his childhood. It is Sen village - the homeland, where Uncle Ho lived for 5 years when he was a teenager from the age of 11 to 16, where he initially contributed to the formation of his love for the country and the will to liberate the nation. . The relic site hidden behind the green bamboo rampart still has simple cottages, dear memorabilia tinged with more than a century of time that have entered the history of mankind, becoming invaluable assets of the nation.\n\nWelcome to visit Kim Lien relic site - the hometown of our great and beloved President Ho Chi Minh.\n\nLadies and gentlemen, to return to Nam Dan is to return to the homeland of President Ho Chi Minh. A special national relic, the Kim Lien relic site is a place to keep priceless memorabilia about his homeland, his family during his youth and the two times he visited his hometown. It is Hoang Tru's maternal hometown - where our Uncle cried for birth and spent the first 5 years of his childhood. It is Sen village - the homeland, where Uncle Ho lived for 5 years when he was a teenager from the age of 11 to 16, where he initially contributed to the formation of his love for the country and the will to liberate the nation. . The relic site hidden behind the green bamboo rampart still has simple cottages, dear memorabilia tinged with more than a century of time that have entered the history of mankind, becoming invaluable assets of the nation."
      },
      {
      "id":6,
      "audio":"Que_ngoai_Hoang_Tru/story/story_6/audio.mp3",
      "images":[
         "Que_ngoai_Hoang_Tru/story/story_6/images/image_1.png"
      ],
      "description":"Sir/Madam!\n\nFrom Mau Tai junction in Kim Lien commune - formerly Sai village, the hometown of Ha Thi Hy, Uncle Ho's grandmother. You go along the soft plastic road like a silk strip more than 1km long, in May, the road is more beautiful by blooming lotus ponds. At the end of the road, appearing in front of you is an idyllic village scene like many Vietnamese villages, that is Hoang Tru village (Chua village) - a name that has gone down in history, into the hearts of millions of Vietnamese children and friends. international friends. Because this place is associated with the name of a great man - Ho Chi Minh, a hero of national liberation, an outstanding cultural house. The land of Hoang Tru is the place to nurture and cultivate the talents of Mr. Nguyen Sinh Sac, where he met and built happiness with the beautiful and kind daughter of Nghe, Mrs. Hoang Thi Loan.\n\nSir/Madam!\n\nFrom Mau Tai junction in Kim Lien commune - formerly Sai village, the hometown of Ha Thi Hy, Uncle Ho's grandmother. You go along the soft plastic road like a silk strip more than 1km long, in May, the road is more beautiful by blooming lotus ponds. At the end of the road, appearing in front of you is an idyllic village scene like many Vietnamese villages, that is Hoang Tru village (Chua village) - a name that has gone down in history, into the hearts of millions of Vietnamese children and friends. international friends. Because this place is associated with the name of a great man - Ho Chi Minh, a hero of national liberation, an outstanding cultural house. The land of Hoang Tru is the place to nurture and cultivate the talents of Mr. Nguyen Sinh Sac, where he met and built happiness with the beautiful and kind daughter of Nghe, Mrs. Hoang Thi Loan."
      },
      {
      "id":7,
      "audio":"Que_ngoai_Hoang_Tru/story/story_7/audio.mp3",
      "images":[
         "Que_ngoai_Hoang_Tru/story/story_7/images/image_1.png",
         "Que_ngoai_Hoang_Tru/story/story_7/images/image_2.png"
      ],
      "description":"Welcome to visit Kim Lien relic site - the hometown of our great and beloved President Ho Chi Minh.\n\nLadies and gentlemen, to return to Nam Dan is to return to the homeland of President Ho Chi Minh. A special national relic, the Kim Lien relic site is a place to keep priceless memorabilia about his homeland, his family during his youth and the two times he visited his hometown. It is Hoang Tru's maternal hometown - where our Uncle cried for birth and spent the first 5 years of his childhood. It is Sen village - the homeland, where Uncle Ho lived for 5 years when he was a teenager from the age of 11 to 16, where he initially contributed to the formation of his love for the country and the will to liberate the nation. . The relic site hidden behind the green bamboo rampart still has simple cottages, dear memorabilia tinged with more than a century of time that have entered the history of mankind, becoming invaluable assets of the nation.\n\nWelcome to visit Kim Lien relic site - the hometown of our great and beloved President Ho Chi Minh.\n\nLadies and gentlemen, to return to Nam Dan is to return to the homeland of President Ho Chi Minh. A special national relic, the Kim Lien relic site is a place to keep priceless memorabilia about his homeland, his family during his youth and the two times he visited his hometown. It is Hoang Tru's maternal hometown - where our Uncle cried for birth and spent the first 5 years of his childhood. It is Sen village - the homeland, where Uncle Ho lived for 5 years when he was a teenager from the age of 11 to 16, where he initially contributed to the formation of his love for the country and the will to liberate the nation. . The relic site hidden behind the green bamboo rampart still has simple cottages, dear memorabilia tinged with more than a century of time that have entered the history of mankind, becoming invaluable assets of the nation.\n\nWelcome to visit Kim Lien relic site - the hometown of our great and beloved President Ho Chi Minh.\n\nLadies and gentlemen, to return to Nam Dan is to return to the homeland of President Ho Chi Minh. A special national relic, the Kim Lien relic site is a place to keep priceless memorabilia about his homeland, his family during his youth and the two times he visited his hometown. It is Hoang Tru's maternal hometown - where our Uncle cried for birth and spent the first 5 years of his childhood. It is Sen village - the homeland, where Uncle Ho lived for 5 years when he was a teenager from the age of 11 to 16, where he initially contributed to the formation of his love for the country and the will to liberate the nation. . The relic site hidden behind the green bamboo rampart still has simple cottages, dear memorabilia tinged with more than a century of time that have entered the history of mankind, becoming invaluable assets of the nation."
      },
      {
      "id":8,
      "audio":"Que_ngoai_Hoang_Tru/story/story_8/audio.mp3",
      "images":[
         "Que_ngoai_Hoang_Tru/story/story_8/images/image_1.png"
      ],
      "description":"Sir/Madam!\n\nFrom Mau Tai junction in Kim Lien commune - formerly Sai village, the hometown of Ha Thi Hy, Uncle Ho's grandmother. You go along the soft plastic road like a silk strip more than 1km long, in May, the road is more beautiful by blooming lotus ponds. At the end of the road, appearing in front of you is an idyllic village scene like many Vietnamese villages, that is Hoang Tru village (Chua village) - a name that has gone down in history, into the hearts of millions of Vietnamese children and friends. international friends. Because this place is associated with the name of a great man - Ho Chi Minh, a hero of national liberation, an outstanding cultural house. The land of Hoang Tru is the place to nurture and cultivate the talents of Mr. Nguyen Sinh Sac, where he met and built happiness with the beautiful and kind daughter of Nghe, Mrs. Hoang Thi Loan.\n\nSir/Madam!\n\nFrom Mau Tai junction in Kim Lien commune - formerly Sai village, the hometown of Ha Thi Hy, Uncle Ho's grandmother. You go along the soft plastic road like a silk strip more than 1km long, in May, the road is more beautiful by blooming lotus ponds. At the end of the road, appearing in front of you is an idyllic village scene like many Vietnamese villages, that is Hoang Tru village (Chua village) - a name that has gone down in history, into the hearts of millions of Vietnamese children and friends. international friends. Because this place is associated with the name of a great man - Ho Chi Minh, a hero of national liberation, an outstanding cultural house. The land of Hoang Tru is the place to nurture and cultivate the talents of Mr. Nguyen Sinh Sac, where he met and built happiness with the beautiful and kind daughter of Nghe, Mrs. Hoang Thi Loan."
      },
      {
      "id":9,
      "audio":"Que_ngoai_Hoang_Tru/story/story_9/audio.mp3",
      "images":[],
      "description":"Welcome to visit Kim Lien relic site - the hometown of our great and beloved President Ho Chi Minh.\n\nLadies and gentlemen, to return to Nam Dan is to return to the homeland of President Ho Chi Minh. A special national relic, the Kim Lien relic site is a place to keep priceless memorabilia about his homeland, his family during his youth and the two times he visited his hometown. It is Hoang Tru's maternal hometown - where our Uncle cried for birth and spent the first 5 years of his childhood. It is Sen village - the homeland, where Uncle Ho lived for 5 years when he was a teenager from the age of 11 to 16, where he initially contributed to the formation of his love for the country and the will to liberate the nation. . The relic site hidden behind the green bamboo rampart still has simple cottages, dear memorabilia tinged with more than a century of time that have entered the history of mankind, becoming invaluable assets of the nation.\n\nWelcome to visit Kim Lien relic site - the hometown of our great and beloved President Ho Chi Minh.\n\nLadies and gentlemen, to return to Nam Dan is to return to the homeland of President Ho Chi Minh. A special national relic, the Kim Lien relic site is a place to keep priceless memorabilia about his homeland, his family during his youth and the two times he visited his hometown. It is Hoang Tru's maternal hometown - where our Uncle cried for birth and spent the first 5 years of his childhood. It is Sen village - the homeland, where Uncle Ho lived for 5 years when he was a teenager from the age of 11 to 16, where he initially contributed to the formation of his love for the country and the will to liberate the nation. . The relic site hidden behind the green bamboo rampart still has simple cottages, dear memorabilia tinged with more than a century of time that have entered the history of mankind, becoming invaluable assets of the nation.\n\nWelcome to visit Kim Lien relic site - the hometown of our great and beloved President Ho Chi Minh.\n\nLadies and gentlemen, to return to Nam Dan is to return to the homeland of President Ho Chi Minh. A special national relic, the Kim Lien relic site is a place to keep priceless memorabilia about his homeland, his family during his youth and the two times he visited his hometown. It is Hoang Tru's maternal hometown - where our Uncle cried for birth and spent the first 5 years of his childhood. It is Sen village - the homeland, where Uncle Ho lived for 5 years when he was a teenager from the age of 11 to 16, where he initially contributed to the formation of his love for the country and the will to liberate the nation. . The relic site hidden behind the green bamboo rampart still has simple cottages, dear memorabilia tinged with more than a century of time that have entered the history of mankind, becoming invaluable assets of the nation."
      },
      {
      "id":10,
      "audio":"Que_ngoai_Hoang_Tru/story/story_10/audio.mp3",
      "images":[
         "Que_ngoai_Hoang_Tru/story/story_10/images/image_1.png",
         "Que_ngoai_Hoang_Tru/story/story_10/images/image_2.png"
      ],
      "description":"Sir/Madam!\n\nFrom Mau Tai junction in Kim Lien commune - formerly Sai village, the hometown of Ha Thi Hy, Uncle Ho's grandmother. You go along the soft plastic road like a silk strip more than 1km long, in May, the road is more beautiful by blooming lotus ponds. At the end of the road, appearing in front of you is an idyllic village scene like many Vietnamese villages, that is Hoang Tru village (Chua village) - a name that has gone down in history, into the hearts of millions of Vietnamese children and friends. international friends. Because this place is associated with the name of a great man - Ho Chi Minh, a hero of national liberation, an outstanding cultural house. The land of Hoang Tru is the place to nurture and cultivate the talents of Mr. Nguyen Sinh Sac, where he met and built happiness with the beautiful and kind daughter of Nghe, Mrs. Hoang Thi Loan.\n\nSir/Madam!\n\nFrom Mau Tai junction in Kim Lien commune - formerly Sai village, the hometown of Ha Thi Hy, Uncle Ho's grandmother. You go along the soft plastic road like a silk strip more than 1km long, in May, the road is more beautiful by blooming lotus ponds. At the end of the road, appearing in front of you is an idyllic village scene like many Vietnamese villages, that is Hoang Tru village (Chua village) - a name that has gone down in history, into the hearts of millions of Vietnamese children and friends. international friends. Because this place is associated with the name of a great man - Ho Chi Minh, a hero of national liberation, an outstanding cultural house. The land of Hoang Tru is the place to nurture and cultivate the talents of Mr. Nguyen Sinh Sac, where he met and built happiness with the beautiful and kind daughter of Nghe, Mrs. Hoang Thi Loan."
      },
      {
      "id":11,
      "audio":"Que_ngoai_Hoang_Tru/story/story_11/audio.mp3",
      "images":[
         "Que_ngoai_Hoang_Tru/story/story_11/images/image_1.png",
         "Que_ngoai_Hoang_Tru/story/story_11/images/image_2.png",
         "Que_ngoai_Hoang_Tru/story/story_11/images/image_3.png"
      ],
      "description":"Welcome to visit Kim Lien relic site - the hometown of our great and beloved President Ho Chi Minh.\n\nLadies and gentlemen, to return to Nam Dan is to return to the homeland of President Ho Chi Minh. A special national relic, the Kim Lien relic site is a place to keep priceless memorabilia about his homeland, his family during his youth and the two times he visited his hometown. It is Hoang Tru's maternal hometown - where our Uncle cried for birth and spent the first 5 years of his childhood. It is Sen village - the homeland, where Uncle Ho lived for 5 years when he was a teenager from the age of 11 to 16, where he initially contributed to the formation of his love for the country and the will to liberate the nation. . The relic site hidden behind the green bamboo rampart still has simple cottages, dear memorabilia tinged with more than a century of time that have entered the history of mankind, becoming invaluable assets of the nation.\n\nWelcome to visit Kim Lien relic site - the hometown of our great and beloved President Ho Chi Minh.\n\nLadies and gentlemen, to return to Nam Dan is to return to the homeland of President Ho Chi Minh. A special national relic, the Kim Lien relic site is a place to keep priceless memorabilia about his homeland, his family during his youth and the two times he visited his hometown. It is Hoang Tru's maternal hometown - where our Uncle cried for birth and spent the first 5 years of his childhood. It is Sen village - the homeland, where Uncle Ho lived for 5 years when he was a teenager from the age of 11 to 16, where he initially contributed to the formation of his love for the country and the will to liberate the nation. . The relic site hidden behind the green bamboo rampart still has simple cottages, dear memorabilia tinged with more than a century of time that have entered the history of mankind, becoming invaluable assets of the nation.\n\nWelcome to visit Kim Lien relic site - the hometown of our great and beloved President Ho Chi Minh.\n\nLadies and gentlemen, to return to Nam Dan is to return to the homeland of President Ho Chi Minh. A special national relic, the Kim Lien relic site is a place to keep priceless memorabilia about his homeland, his family during his youth and the two times he visited his hometown. It is Hoang Tru's maternal hometown - where our Uncle cried for birth and spent the first 5 years of his childhood. It is Sen village - the homeland, where Uncle Ho lived for 5 years when he was a teenager from the age of 11 to 16, where he initially contributed to the formation of his love for the country and the will to liberate the nation. . The relic site hidden behind the green bamboo rampart still has simple cottages, dear memorabilia tinged with more than a century of time that have entered the history of mankind, becoming invaluable assets of the nation."
      },
      {
      "id":12,
      "audio":"Que_ngoai_Hoang_Tru/story/story_12/audio.mp3",
      "images":[
         "Que_ngoai_Hoang_Tru/story/story_12/images/image_1.png",
         "Que_ngoai_Hoang_Tru/story/story_12/images/image_2.png"
      ],
      "description":"Sir/Madam!\n\nFrom Mau Tai junction in Kim Lien commune - formerly Sai village, the hometown of Ha Thi Hy, Uncle Ho's grandmother. You go along the soft plastic road like a silk strip more than 1km long, in May, the road is more beautiful by blooming lotus ponds. At the end of the road, appearing in front of you is an idyllic village scene like many Vietnamese villages, that is Hoang Tru village (Chua village) - a name that has gone down in history, into the hearts of millions of Vietnamese children and friends. international friends. Because this place is associated with the name of a great man - Ho Chi Minh, a hero of national liberation, an outstanding cultural house. The land of Hoang Tru is the place to nurture and cultivate the talents of Mr. Nguyen Sinh Sac, where he met and built happiness with the beautiful and kind daughter of Nghe, Mrs. Hoang Thi Loan.\n\nSir/Madam!\n\nFrom Mau Tai junction in Kim Lien commune - formerly Sai village, the hometown of Ha Thi Hy, Uncle Ho's grandmother. You go along the soft plastic road like a silk strip more than 1km long, in May, the road is more beautiful by blooming lotus ponds. At the end of the road, appearing in front of you is an idyllic village scene like many Vietnamese villages, that is Hoang Tru village (Chua village) - a name that has gone down in history, into the hearts of millions of Vietnamese children and friends. international friends. Because this place is associated with the name of a great man - Ho Chi Minh, a hero of national liberation, an outstanding cultural house. The land of Hoang Tru is the place to nurture and cultivate the talents of Mr. Nguyen Sinh Sac, where he met and built happiness with the beautiful and kind daughter of Nghe, Mrs. Hoang Thi Loan."
      },
      {
      "id":13,
      "audio":"Que_ngoai_Hoang_Tru/story/story_13/audio.mp3",
      "images":[
         "Que_ngoai_Hoang_Tru/story/story_13/images/image_1.png"
      ],
      "description":"Welcome to visit Kim Lien relic site - the hometown of our great and beloved President Ho Chi Minh.\n\nLadies and gentlemen, to return to Nam Dan is to return to the homeland of President Ho Chi Minh. A special national relic, the Kim Lien relic site is a place to keep priceless memorabilia about his homeland, his family during his youth and the two times he visited his hometown. It is Hoang Tru's maternal hometown - where our Uncle cried for birth and spent the first 5 years of his childhood. It is Sen village - the homeland, where Uncle Ho lived for 5 years when he was a teenager from the age of 11 to 16, where he initially contributed to the formation of his love for the country and the will to liberate the nation. . The relic site hidden behind the green bamboo rampart still has simple cottages, dear memorabilia tinged with more than a century of time that have entered the history of mankind, becoming invaluable assets of the nation.\n\nWelcome to visit Kim Lien relic site - the hometown of our great and beloved President Ho Chi Minh.\n\nLadies and gentlemen, to return to Nam Dan is to return to the homeland of President Ho Chi Minh. A special national relic, the Kim Lien relic site is a place to keep priceless memorabilia about his homeland, his family during his youth and the two times he visited his hometown. It is Hoang Tru's maternal hometown - where our Uncle cried for birth and spent the first 5 years of his childhood. It is Sen village - the homeland, where Uncle Ho lived for 5 years when he was a teenager from the age of 11 to 16, where he initially contributed to the formation of his love for the country and the will to liberate the nation. . The relic site hidden behind the green bamboo rampart still has simple cottages, dear memorabilia tinged with more than a century of time that have entered the history of mankind, becoming invaluable assets of the nation.\n\nWelcome to visit Kim Lien relic site - the hometown of our great and beloved President Ho Chi Minh.\n\nLadies and gentlemen, to return to Nam Dan is to return to the homeland of President Ho Chi Minh. A special national relic, the Kim Lien relic site is a place to keep priceless memorabilia about his homeland, his family during his youth and the two times he visited his hometown. It is Hoang Tru's maternal hometown - where our Uncle cried for birth and spent the first 5 years of his childhood. It is Sen village - the homeland, where Uncle Ho lived for 5 years when he was a teenager from the age of 11 to 16, where he initially contributed to the formation of his love for the country and the will to liberate the nation. . The relic site hidden behind the green bamboo rampart still has simple cottages, dear memorabilia tinged with more than a century of time that have entered the history of mankind, becoming invaluable assets of the nation."
      },
      {
      "id":14,
      "audio":"Que_ngoai_Hoang_Tru/story/story_14/audio.mp3",
      "images":[
         "Que_ngoai_Hoang_Tru/story/story_14/images/image_1.png",
         "Que_ngoai_Hoang_Tru/story/story_14/images/image_2.png"
      ],
      "description":"Sir/Madam!\n\nFrom Mau Tai junction in Kim Lien commune - formerly Sai village, the hometown of Ha Thi Hy, Uncle Ho's grandmother. You go along the soft plastic road like a silk strip more than 1km long, in May, the road is more beautiful by blooming lotus ponds. At the end of the road, appearing in front of you is an idyllic village scene like many Vietnamese villages, that is Hoang Tru village (Chua village) - a name that has gone down in history, into the hearts of millions of Vietnamese children and friends. international friends. Because this place is associated with the name of a great man - Ho Chi Minh, a hero of national liberation, an outstanding cultural house. The land of Hoang Tru is the place to nurture and cultivate the talents of Mr. Nguyen Sinh Sac, where he met and built happiness with the beautiful and kind daughter of Nghe, Mrs. Hoang Thi Loan.\n\nSir/Madam!\n\nFrom Mau Tai junction in Kim Lien commune - formerly Sai village, the hometown of Ha Thi Hy, Uncle Ho's grandmother. You go along the soft plastic road like a silk strip more than 1km long, in May, the road is more beautiful by blooming lotus ponds. At the end of the road, appearing in front of you is an idyllic village scene like many Vietnamese villages, that is Hoang Tru village (Chua village) - a name that has gone down in history, into the hearts of millions of Vietnamese children and friends. international friends. Because this place is associated with the name of a great man - Ho Chi Minh, a hero of national liberation, an outstanding cultural house. The land of Hoang Tru is the place to nurture and cultivate the talents of Mr. Nguyen Sinh Sac, where he met and built happiness with the beautiful and kind daughter of Nghe, Mrs. Hoang Thi Loan."
      },
      {
      "id":15,
      "audio":"Que_ngoai_Hoang_Tru/story/story_15/audio.mp3",
      "images":[],
      "description":"Welcome to visit Kim Lien relic site - the hometown of our great and beloved President Ho Chi Minh.\n\nLadies and gentlemen, to return to Nam Dan is to return to the homeland of President Ho Chi Minh. A special national relic, the Kim Lien relic site is a place to keep priceless memorabilia about his homeland, his family during his youth and the two times he visited his hometown. It is Hoang Tru's maternal hometown - where our Uncle cried for birth and spent the first 5 years of his childhood. It is Sen village - the homeland, where Uncle Ho lived for 5 years when he was a teenager from the age of 11 to 16, where he initially contributed to the formation of his love for the country and the will to liberate the nation. . The relic site hidden behind the green bamboo rampart still has simple cottages, dear memorabilia tinged with more than a century of time that have entered the history of mankind, becoming invaluable assets of the nation.\n\nWelcome to visit Kim Lien relic site - the hometown of our great and beloved President Ho Chi Minh.\n\nLadies and gentlemen, to return to Nam Dan is to return to the homeland of President Ho Chi Minh. A special national relic, the Kim Lien relic site is a place to keep priceless memorabilia about his homeland, his family during his youth and the two times he visited his hometown. It is Hoang Tru's maternal hometown - where our Uncle cried for birth and spent the first 5 years of his childhood. It is Sen village - the homeland, where Uncle Ho lived for 5 years when he was a teenager from the age of 11 to 16, where he initially contributed to the formation of his love for the country and the will to liberate the nation. . The relic site hidden behind the green bamboo rampart still has simple cottages, dear memorabilia tinged with more than a century of time that have entered the history of mankind, becoming invaluable assets of the nation.\n\nWelcome to visit Kim Lien relic site - the hometown of our great and beloved President Ho Chi Minh.\n\nLadies and gentlemen, to return to Nam Dan is to return to the homeland of President Ho Chi Minh. A special national relic, the Kim Lien relic site is a place to keep priceless memorabilia about his homeland, his family during his youth and the two times he visited his hometown. It is Hoang Tru's maternal hometown - where our Uncle cried for birth and spent the first 5 years of his childhood. It is Sen village - the homeland, where Uncle Ho lived for 5 years when he was a teenager from the age of 11 to 16, where he initially contributed to the formation of his love for the country and the will to liberate the nation. . The relic site hidden behind the green bamboo rampart still has simple cottages, dear memorabilia tinged with more than a century of time that have entered the history of mankind, becoming invaluable assets of the nation."
      },
      {
      "id":16,
      "audio":"Que_ngoai_Hoang_Tru/story/story_16/audio.mp3",
      "images":[
         "Que_ngoai_Hoang_Tru/story/story_16/images/image_1.png"
      ],
      "description":"Sir/Madam!\n\nFrom Mau Tai junction in Kim Lien commune - formerly Sai village, the hometown of Ha Thi Hy, Uncle Ho's grandmother. You go along the soft plastic road like a silk strip more than 1km long, in May, the road is more beautiful by blooming lotus ponds. At the end of the road, appearing in front of you is an idyllic village scene like many Vietnamese villages, that is Hoang Tru village (Chua village) - a name that has gone down in history, into the hearts of millions of Vietnamese children and friends. international friends. Because this place is associated with the name of a great man - Ho Chi Minh, a hero of national liberation, an outstanding cultural house. The land of Hoang Tru is the place to nurture and cultivate the talents of Mr. Nguyen Sinh Sac, where he met and built happiness with the beautiful and kind daughter of Nghe, Mrs. Hoang Thi Loan.\n\nSir/Madam!\n\nFrom Mau Tai junction in Kim Lien commune - formerly Sai village, the hometown of Ha Thi Hy, Uncle Ho's grandmother. You go along the soft plastic road like a silk strip more than 1km long, in May, the road is more beautiful by blooming lotus ponds. At the end of the road, appearing in front of you is an idyllic village scene like many Vietnamese villages, that is Hoang Tru village (Chua village) - a name that has gone down in history, into the hearts of millions of Vietnamese children and friends. international friends. Because this place is associated with the name of a great man - Ho Chi Minh, a hero of national liberation, an outstanding cultural house. The land of Hoang Tru is the place to nurture and cultivate the talents of Mr. Nguyen Sinh Sac, where he met and built happiness with the beautiful and kind daughter of Nghe, Mrs. Hoang Thi Loan."
      },
      {
      "id":17,
      "audio":"Que_ngoai_Hoang_Tru/story/story_17/audio.mp3",
      "images":[],
      "description":"Welcome to visit Kim Lien relic site - the hometown of our great and beloved President Ho Chi Minh.\n\nLadies and gentlemen, to return to Nam Dan is to return to the homeland of President Ho Chi Minh. A special national relic, the Kim Lien relic site is a place to keep priceless memorabilia about his homeland, his family during his youth and the two times he visited his hometown. It is Hoang Tru's maternal hometown - where our Uncle cried for birth and spent the first 5 years of his childhood. It is Sen village - the homeland, where Uncle Ho lived for 5 years when he was a teenager from the age of 11 to 16, where he initially contributed to the formation of his love for the country and the will to liberate the nation. . The relic site hidden behind the green bamboo rampart still has simple cottages, dear memorabilia tinged with more than a century of time that have entered the history of mankind, becoming invaluable assets of the nation.\n\nWelcome to visit Kim Lien relic site - the hometown of our great and beloved President Ho Chi Minh.\n\nLadies and gentlemen, to return to Nam Dan is to return to the homeland of President Ho Chi Minh. A special national relic, the Kim Lien relic site is a place to keep priceless memorabilia about his homeland, his family during his youth and the two times he visited his hometown. It is Hoang Tru's maternal hometown - where our Uncle cried for birth and spent the first 5 years of his childhood. It is Sen village - the homeland, where Uncle Ho lived for 5 years when he was a teenager from the age of 11 to 16, where he initially contributed to the formation of his love for the country and the will to liberate the nation. . The relic site hidden behind the green bamboo rampart still has simple cottages, dear memorabilia tinged with more than a century of time that have entered the history of mankind, becoming invaluable assets of the nation.\n\nWelcome to visit Kim Lien relic site - the hometown of our great and beloved President Ho Chi Minh.\n\nLadies and gentlemen, to return to Nam Dan is to return to the homeland of President Ho Chi Minh. A special national relic, the Kim Lien relic site is a place to keep priceless memorabilia about his homeland, his family during his youth and the two times he visited his hometown. It is Hoang Tru's maternal hometown - where our Uncle cried for birth and spent the first 5 years of his childhood. It is Sen village - the homeland, where Uncle Ho lived for 5 years when he was a teenager from the age of 11 to 16, where he initially contributed to the formation of his love for the country and the will to liberate the nation. . The relic site hidden behind the green bamboo rampart still has simple cottages, dear memorabilia tinged with more than a century of time that have entered the history of mankind, becoming invaluable assets of the nation."
      },
      {
      "id":18,
      "audio":"Que_ngoai_Hoang_Tru/story/story_18/audio.mp3",
      "images":[],
      "description":"Sir/Madam!\n\nFrom Mau Tai junction in Kim Lien commune - formerly Sai village, the hometown of Ha Thi Hy, Uncle Ho's grandmother. You go along the soft plastic road like a silk strip more than 1km long, in May, the road is more beautiful by blooming lotus ponds. At the end of the road, appearing in front of you is an idyllic village scene like many Vietnamese villages, that is Hoang Tru village (Chua village) - a name that has gone down in history, into the hearts of millions of Vietnamese children and friends. international friends. Because this place is associated with the name of a great man - Ho Chi Minh, a hero of national liberation, an outstanding cultural house. The land of Hoang Tru is the place to nurture and cultivate the talents of Mr. Nguyen Sinh Sac, where he met and built happiness with the beautiful and kind daughter of Nghe, Mrs. Hoang Thi Loan.\n\nSir/Madam!\n\nFrom Mau Tai junction in Kim Lien commune - formerly Sai village, the hometown of Ha Thi Hy, Uncle Ho's grandmother. You go along the soft plastic road like a silk strip more than 1km long, in May, the road is more beautiful by blooming lotus ponds. At the end of the road, appearing in front of you is an idyllic village scene like many Vietnamese villages, that is Hoang Tru village (Chua village) - a name that has gone down in history, into the hearts of millions of Vietnamese children and friends. international friends. Because this place is associated with the name of a great man - Ho Chi Minh, a hero of national liberation, an outstanding cultural house. The land of Hoang Tru is the place to nurture and cultivate the talents of Mr. Nguyen Sinh Sac, where he met and built happiness with the beautiful and kind daughter of Nghe, Mrs. Hoang Thi Loan."
      },
      {
      "id":19,
      "audio":"Que_ngoai_Hoang_Tru/story/story_19/audio.mp3",
      "images":[
         "Que_ngoai_Hoang_Tru/story/story_19/images/image_1.png"
      ],
      "description":"Welcome to visit Kim Lien relic site - the hometown of our great and beloved President Ho Chi Minh.\n\nLadies and gentlemen, to return to Nam Dan is to return to the homeland of President Ho Chi Minh. A special national relic, the Kim Lien relic site is a place to keep priceless memorabilia about his homeland, his family during his youth and the two times he visited his hometown. It is Hoang Tru's maternal hometown - where our Uncle cried for birth and spent the first 5 years of his childhood. It is Sen village - the homeland, where Uncle Ho lived for 5 years when he was a teenager from the age of 11 to 16, where he initially contributed to the formation of his love for the country and the will to liberate the nation. . The relic site hidden behind the green bamboo rampart still has simple cottages, dear memorabilia tinged with more than a century of time that have entered the history of mankind, becoming invaluable assets of the nation.\n\nWelcome to visit Kim Lien relic site - the hometown of our great and beloved President Ho Chi Minh.\n\nLadies and gentlemen, to return to Nam Dan is to return to the homeland of President Ho Chi Minh. A special national relic, the Kim Lien relic site is a place to keep priceless memorabilia about his homeland, his family during his youth and the two times he visited his hometown. It is Hoang Tru's maternal hometown - where our Uncle cried for birth and spent the first 5 years of his childhood. It is Sen village - the homeland, where Uncle Ho lived for 5 years when he was a teenager from the age of 11 to 16, where he initially contributed to the formation of his love for the country and the will to liberate the nation. . The relic site hidden behind the green bamboo rampart still has simple cottages, dear memorabilia tinged with more than a century of time that have entered the history of mankind, becoming invaluable assets of the nation.\n\nWelcome to visit Kim Lien relic site - the hometown of our great and beloved President Ho Chi Minh.\n\nLadies and gentlemen, to return to Nam Dan is to return to the homeland of President Ho Chi Minh. A special national relic, the Kim Lien relic site is a place to keep priceless memorabilia about his homeland, his family during his youth and the two times he visited his hometown. It is Hoang Tru's maternal hometown - where our Uncle cried for birth and spent the first 5 years of his childhood. It is Sen village - the homeland, where Uncle Ho lived for 5 years when he was a teenager from the age of 11 to 16, where he initially contributed to the formation of his love for the country and the will to liberate the nation. . The relic site hidden behind the green bamboo rampart still has simple cottages, dear memorabilia tinged with more than a century of time that have entered the history of mankind, becoming invaluable assets of the nation."
      },
      {
      "id":20,
      "audio":"Que_ngoai_Hoang_Tru/story/story_20/audio.mp3",
      "images":[
         "Que_ngoai_Hoang_Tru/story/story_20/images/image_1.png",
         "Que_ngoai_Hoang_Tru/story/story_20/images/image_2.png"
      ],
      "description":"Sir/Madam!\n\nFrom Mau Tai junction in Kim Lien commune - formerly Sai village, the hometown of Ha Thi Hy, Uncle Ho's grandmother. You go along the soft plastic road like a silk strip more than 1km long, in May, the road is more beautiful by blooming lotus ponds. At the end of the road, appearing in front of you is an idyllic village scene like many Vietnamese villages, that is Hoang Tru village (Chua village) - a name that has gone down in history, into the hearts of millions of Vietnamese children and friends. international friends. Because this place is associated with the name of a great man - Ho Chi Minh, a hero of national liberation, an outstanding cultural house. The land of Hoang Tru is the place to nurture and cultivate the talents of Mr. Nguyen Sinh Sac, where he met and built happiness with the beautiful and kind daughter of Nghe, Mrs. Hoang Thi Loan.\n\nSir/Madam!\n\nFrom Mau Tai junction in Kim Lien commune - formerly Sai village, the hometown of Ha Thi Hy, Uncle Ho's grandmother. You go along the soft plastic road like a silk strip more than 1km long, in May, the road is more beautiful by blooming lotus ponds. At the end of the road, appearing in front of you is an idyllic village scene like many Vietnamese villages, that is Hoang Tru village (Chua village) - a name that has gone down in history, into the hearts of millions of Vietnamese children and friends. international friends. Because this place is associated with the name of a great man - Ho Chi Minh, a hero of national liberation, an outstanding cultural house. The land of Hoang Tru is the place to nurture and cultivate the talents of Mr. Nguyen Sinh Sac, where he met and built happiness with the beautiful and kind daughter of Nghe, Mrs. Hoang Thi Loan."
      },
      {
      "id":21,
      "audio":"Que_ngoai_Hoang_Tru/story/story_21/audio.mp3",
      "images":[],
      "description":"Welcome to visit Kim Lien relic site - the hometown of our great and beloved President Ho Chi Minh.\n\nLadies and gentlemen, to return to Nam Dan is to return to the homeland of President Ho Chi Minh. A special national relic, the Kim Lien relic site is a place to keep priceless memorabilia about his homeland, his family during his youth and the two times he visited his hometown. It is Hoang Tru's maternal hometown - where our Uncle cried for birth and spent the first 5 years of his childhood. It is Sen village - the homeland, where Uncle Ho lived for 5 years when he was a teenager from the age of 11 to 16, where he initially contributed to the formation of his love for the country and the will to liberate the nation. . The relic site hidden behind the green bamboo rampart still has simple cottages, dear memorabilia tinged with more than a century of time that have entered the history of mankind, becoming invaluable assets of the nation.\n\nWelcome to visit Kim Lien relic site - the hometown of our great and beloved President Ho Chi Minh.\n\nLadies and gentlemen, to return to Nam Dan is to return to the homeland of President Ho Chi Minh. A special national relic, the Kim Lien relic site is a place to keep priceless memorabilia about his homeland, his family during his youth and the two times he visited his hometown. It is Hoang Tru's maternal hometown - where our Uncle cried for birth and spent the first 5 years of his childhood. It is Sen village - the homeland, where Uncle Ho lived for 5 years when he was a teenager from the age of 11 to 16, where he initially contributed to the formation of his love for the country and the will to liberate the nation. . The relic site hidden behind the green bamboo rampart still has simple cottages, dear memorabilia tinged with more than a century of time that have entered the history of mankind, becoming invaluable assets of the nation.\n\nWelcome to visit Kim Lien relic site - the hometown of our great and beloved President Ho Chi Minh.\n\nLadies and gentlemen, to return to Nam Dan is to return to the homeland of President Ho Chi Minh. A special national relic, the Kim Lien relic site is a place to keep priceless memorabilia about his homeland, his family during his youth and the two times he visited his hometown. It is Hoang Tru's maternal hometown - where our Uncle cried for birth and spent the first 5 years of his childhood. It is Sen village - the homeland, where Uncle Ho lived for 5 years when he was a teenager from the age of 11 to 16, where he initially contributed to the formation of his love for the country and the will to liberate the nation. . The relic site hidden behind the green bamboo rampart still has simple cottages, dear memorabilia tinged with more than a century of time that have entered the history of mankind, becoming invaluable assets of the nation."
      },
      {
      "id":22,
      "audio":"Que_ngoai_Hoang_Tru/story/story_22/audio.mp3",
      "images":[
         "Que_ngoai_Hoang_Tru/story/story_22/images/image_1.png"
      ],
      "description":"Sir/Madam!\n\nFrom Mau Tai junction in Kim Lien commune - formerly Sai village, the hometown of Ha Thi Hy, Uncle Ho's grandmother. You go along the soft plastic road like a silk strip more than 1km long, in May, the road is more beautiful by blooming lotus ponds. At the end of the road, appearing in front of you is an idyllic village scene like many Vietnamese villages, that is Hoang Tru village (Chua village) - a name that has gone down in history, into the hearts of millions of Vietnamese children and friends. international friends. Because this place is associated with the name of a great man - Ho Chi Minh, a hero of national liberation, an outstanding cultural house. The land of Hoang Tru is the place to nurture and cultivate the talents of Mr. Nguyen Sinh Sac, where he met and built happiness with the beautiful and kind daughter of Nghe, Mrs. Hoang Thi Loan.\n\nSir/Madam!\n\nFrom Mau Tai junction in Kim Lien commune - formerly Sai village, the hometown of Ha Thi Hy, Uncle Ho's grandmother. You go along the soft plastic road like a silk strip more than 1km long, in May, the road is more beautiful by blooming lotus ponds. At the end of the road, appearing in front of you is an idyllic village scene like many Vietnamese villages, that is Hoang Tru village (Chua village) - a name that has gone down in history, into the hearts of millions of Vietnamese children and friends. international friends. Because this place is associated with the name of a great man - Ho Chi Minh, a hero of national liberation, an outstanding cultural house. The land of Hoang Tru is the place to nurture and cultivate the talents of Mr. Nguyen Sinh Sac, where he met and built happiness with the beautiful and kind daughter of Nghe, Mrs. Hoang Thi Loan."
      },
      {
      "id":23,
      "audio":"Que_ngoai_Hoang_Tru/story/story_23/audio.mp3",
      "images":[
         "Que_ngoai_Hoang_Tru/story/story_22/images/image_1.png"
      ],
      "description":"Welcome to visit Kim Lien relic site - the hometown of our great and beloved President Ho Chi Minh.\n\nLadies and gentlemen, to return to Nam Dan is to return to the homeland of President Ho Chi Minh. A special national relic, the Kim Lien relic site is a place to keep priceless memorabilia about his homeland, his family during his youth and the two times he visited his hometown. It is Hoang Tru's maternal hometown - where our Uncle cried for birth and spent the first 5 years of his childhood. It is Sen village - the homeland, where Uncle Ho lived for 5 years when he was a teenager from the age of 11 to 16, where he initially contributed to the formation of his love for the country and the will to liberate the nation. . The relic site hidden behind the green bamboo rampart still has simple cottages, dear memorabilia tinged with more than a century of time that have entered the history of mankind, becoming invaluable assets of the nation.\n\nWelcome to visit Kim Lien relic site - the hometown of our great and beloved President Ho Chi Minh.\n\nLadies and gentlemen, to return to Nam Dan is to return to the homeland of President Ho Chi Minh. A special national relic, the Kim Lien relic site is a place to keep priceless memorabilia about his homeland, his family during his youth and the two times he visited his hometown. It is Hoang Tru's maternal hometown - where our Uncle cried for birth and spent the first 5 years of his childhood. It is Sen village - the homeland, where Uncle Ho lived for 5 years when he was a teenager from the age of 11 to 16, where he initially contributed to the formation of his love for the country and the will to liberate the nation. . The relic site hidden behind the green bamboo rampart still has simple cottages, dear memorabilia tinged with more than a century of time that have entered the history of mankind, becoming invaluable assets of the nation.\n\nWelcome to visit Kim Lien relic site - the hometown of our great and beloved President Ho Chi Minh.\n\nLadies and gentlemen, to return to Nam Dan is to return to the homeland of President Ho Chi Minh. A special national relic, the Kim Lien relic site is a place to keep priceless memorabilia about his homeland, his family during his youth and the two times he visited his hometown. It is Hoang Tru's maternal hometown - where our Uncle cried for birth and spent the first 5 years of his childhood. It is Sen village - the homeland, where Uncle Ho lived for 5 years when he was a teenager from the age of 11 to 16, where he initially contributed to the formation of his love for the country and the will to liberate the nation. . The relic site hidden behind the green bamboo rampart still has simple cottages, dear memorabilia tinged with more than a century of time that have entered the history of mankind, becoming invaluable assets of the nation."
      },
      {
      "id":24,
      "audio":"Que_ngoai_Hoang_Tru/story/story_24/audio.mp3",
      "images":[],
      "description":"Sir/Madam!\n\nFrom Mau Tai junction in Kim Lien commune - formerly Sai village, the hometown of Ha Thi Hy, Uncle Ho's grandmother. You go along the soft plastic road like a silk strip more than 1km long, in May, the road is more beautiful by blooming lotus ponds. At the end of the road, appearing in front of you is an idyllic village scene like many Vietnamese villages, that is Hoang Tru village (Chua village) - a name that has gone down in history, into the hearts of millions of Vietnamese children and friends. international friends. Because this place is associated with the name of a great man - Ho Chi Minh, a hero of national liberation, an outstanding cultural house. The land of Hoang Tru is the place to nurture and cultivate the talents of Mr. Nguyen Sinh Sac, where he met and built happiness with the beautiful and kind daughter of Nghe, Mrs. Hoang Thi Loan.\n\nSir/Madam!\n\nFrom Mau Tai junction in Kim Lien commune - formerly Sai village, the hometown of Ha Thi Hy, Uncle Ho's grandmother. You go along the soft plastic road like a silk strip more than 1km long, in May, the road is more beautiful by blooming lotus ponds. At the end of the road, appearing in front of you is an idyllic village scene like many Vietnamese villages, that is Hoang Tru village (Chua village) - a name that has gone down in history, into the hearts of millions of Vietnamese children and friends. international friends. Because this place is associated with the name of a great man - Ho Chi Minh, a hero of national liberation, an outstanding cultural house. The land of Hoang Tru is the place to nurture and cultivate the talents of Mr. Nguyen Sinh Sac, where he met and built happiness with the beautiful and kind daughter of Nghe, Mrs. Hoang Thi Loan."
      }
   ]
}