{
   "version":1,
   "story":[
      {
      "id":1,
      "audio":"Que_ngoai_Hoang_Tru/story/story_1/audio.mp3",
      "images":[
         "Que_ngoai_Hoang_Tru/story/story_1/images/image_1.jpg",
         "Que_ngoai_Hoang_Tru/story/story_1/images/image_2.jpg"
      ],
      "description":"Welcome to visit Kim Lien relic site - the hometown of our great and beloved President Ho Chi Minh.\n\nLadies and gentlemen, to return to Nam Dan is to return to the homeland of President Ho Chi Minh. A special national relic, the Kim Lien relic site is a place to keep priceless memorabilia about his homeland, his family during his youth and the two times he visited his hometown. It is Hoang Tru's maternal hometown - where our Uncle cried for birth and spent the first 5 years of his childhood. It is Sen village - the homeland, where Uncle Ho lived for 5 years when he was a teenager from the age of 11 to 16, where he initially contributed to the formation of his love for the country and the will to liberate the nation. . The relic site hidden behind the green bamboo rampart still has simple cottages, dear memorabilia tinged with more than a century of time that have entered the history of mankind, becoming invaluable assets of the nation."
      },
      {
      "id":2,
      "audio":"Que_ngoai_Hoang_Tru/story/story_2/audio.mp3",
      "images":[
         "Que_ngoai_Hoang_Tru/story/story_2/images/image_1.jpg"
      ],
      "description":"Sir/Madam!\n\nFrom Mau Tai junction in Kim Lien commune - formerly Sai village, the hometown of Ha Thi Hy, Uncle Ho's grandmother. You go along the soft plastic road like a silk strip more than 1km long, in May, the road is more beautiful by blooming lotus ponds. At the end of the road, appearing in front of you is an idyllic village scene like many Vietnamese villages, that is Hoang Tru village (Chua village) - a name that has gone down in history, into the hearts of millions of Vietnamese children and friends. international friends. Because this place is associated with the name of a great man - Ho Chi Minh, a hero of national liberation, an outstanding cultural house. The land of Hoang Tru is the place to nurture and cultivate the talents of Mr. Nguyen Sinh Sac, where he met and built happiness with the beautiful and kind daughter of Nghe, Mrs. Hoang Thi Loan."
      },
      {
      "id":3,
      "audio":"Que_ngoai_Hoang_Tru/story/story_3/audio.mp3",
      "images":[],
      "description":"Sir/Madam!\n\nIn front of you is a series of souvenir stalls at Hoang Tru relic cluster. To meet the needs of tourists to visit, the management board of the relic site has built a series of kiosks so that visitors can both visit and buy souvenirs and products from Nam Dan's hometown. gift. You can buy specialties of Nghe porcelain such as Cu Do candy, Nam Dan soy sauce, Nhut Thanh Chuong, Tinh Nghe, Che Sen, cassava or clothes, bags, hats printed with the image of their hometown. Uncle. In addition, it is possible to buy stone statues with images of Uncle Ho's hometown and maternal homeland and images of Uncle Ho..."
      }
   ]
}