{
   "version":5,
   "story":[
      {
      "id":1,
      "audio":"Que_ngoai_Hoang_Tru/story/story_1/audio.mp3",
      "images":[
         "Que_ngoai_Hoang_Tru/story/story_1/images/image_1.png",
         "Que_ngoai_Hoang_Tru/story/story_1/images/image_2.png"
      ],
      "description":"Thưa quý khách, về với Nam Đàn, là về với quê hương của Chủ tịch Hồ Chí Minh. Di tích quốc gia đặc biệt khu di tích Kim Liên là nơi lưu giữ những kỷ vật vô giá về quê hương, gia đình thời niên thiếu và hai lần Người về thăm quê. Đó là quê ngoại Hoàng Trù - nơi Bác của chúng ta cất tiếng khóc chào đời và gắn bó 5 năm đầu tiên tuổi ấu thơ. Là làng Sen – quê nội, nơi có ngôi nhà Bác Hồ gắn bó 5 năm thời niên thiếu từ khi Người 11 đến 16 tuổi, nơi bước đầu góp phần hình thành tình yêu quê hương đất nước, ý chí giải phóng dân tộc của Bác. Khu di tích ẩn mình sau luỹ tre xanh vẫn còn đó nếp nhà tranh giản dị, những kỷ vật thân thương nhuốm màu thời gian hơn một thế kỷ đã đi vào lịch sử của nhân loại, trở thành tài sản vô giá của dân tộc. Tất cả các di sản đã phần nào nói được cuộc đời của Chủ tịch Hồ Chí Minh - Anh hùng giải phóng dân tộc Việt Nam, nhà văn hóa kiệt xuất, người con ưu tú bậc nhất của xứ Nghệ và của đất nước Việt Nam. Tới thăm khuôn viên khu mộ bà Hoàng Thị Loan, thân mẫu Bác Hồ - người con gái xứ Nghệ đẹp người, đẹp nết, là người có ảnh hưởng lớn trong việc hình thành nên nhân cách cao đẹp của cậu bé Nguyễn Sinh Cung mà sau này là chủ tịch Hồ Chí Minh vĩ đại của dân tộc Việt Nam.\n\nBác Hồ của chúng ta, Người dành trọn 1 đời vì dân vì nước, gác lại tình riêng, yêu thương tất cả chỉ quên mình. Dẫu nặng lòng thương nhớ quê hương nhưng Người luôn đặt lợi ích quốc gia, dân tộc lên trên hết. Ngày đêm lo lắng cho cuộc đấu tranh giành độc lập tự do cho tổ quốc, vì hạnh phúc của nhân dân. Suốt cuộc trường trình ấy, Người chỉ được về thăm quê được 2 lần vào tháng 6 năm 1957 và tháng 12 năm 1961. Từ trong sâu thẳm trái tim mình Người luôn giành cho quê hương 1 tình cảm đặc biệt: “quê hương nghĩa trọng tình cao, 50 năm ấy, biết bao nhiêu tình”.\n\nXin mời Quý khách tham quan theo hướng dẫn, quét mã QR hoặc bấm số biểu tượng Audioguide tại các điểm thuyết minh để lắng nghe những câu chuyện gắn bó với tuổi thơ người anh hùng dân tộc, vị cha già của dân tộc Việt Nam – chủ tịch Hồ Chí Minh. Chúc quý khách một buổi tham quan ý nghĩa và tràn đầy cảm xúc!"
      },
      {
      "id":2,
      "audio":"Que_ngoai_Hoang_Tru/story/story_2/audio.mp3",
      "images":[
         "Que_ngoai_Hoang_Tru/story/story_2/images/image_1.png"
      ],
      "description":"Thưa Quý khách!\n\nTừ ngã ba Mậu Tài thuộc xã Kim Liên – xưa là làng Sài, quê hương của cụ Hà Thị Hy, bà nội của Bác Hồ. Quý khách đi dọc theo con đường nhựa uốn mềm như dải lụa dài hơn 1km, vào dịp tháng 5, con đường càng đẹp hơn bởi những đầm sen nở rộ. Cuối con đường, hiện ra trước mắt là cảnh làng quê bình dị như bao làng quê Việt, đó là làng Hoàng Trù (làng Chùa) – một cái tên đã đi vào lịch sử, vào trái tim triệu triệu người con Việt Nam và bạn bè quốc tế. Bởi nơi đây gắn liền với tên tuổi của một vĩ nhân – Hồ Chí Minh, anh hùng giải phóng dân tộc, nhà văn hóa kiệt suất. Mảnh đất Hoàng Trù là nơi nuôi dưỡng và ươm trồng tài năng của ông Nguyễn Sinh Sắc, là nơi ông gặp và cùng xây đắp hạnh phúc với người con gái xứ Nghệ xinh đẹp, nhân hậu là bà Hoàng Thị Loan. Cũng chính nơi làng Chùa ấy, giữa mùa hoa sen nở, Bác Hồ của chúng ta đã cất tiếng khóc chào đời. 5 năm sống tại Hoàng Trù, Người được sống trong tình yêu thương của ông bà ngoại, bố mẹ, dì An, anh chị và bà con lối xóm. Để rồi mãi sau này, qua hơn nửa thế kỷ xa nhà, khi có dịp trở lại, Người đã vô cùng xúc động nhớ lại những tháng năm đầm ấm, hạnh phúc bên gia đình.\n\nXin mời quý khách dừng chân tại các quầy lưu niệm, nghỉ ngơi và thưởng thức những đặc sản nổi tiếng xứ Nghệ, trước khi bắt đầu chuyến tham quan cụm di tích quê ngoại – Hoàng Trù."
      },
      {
      "id":3,
      "audio":"Que_ngoai_Hoang_Tru/story/story_3/audio.mp3",
      "images":[],
      "description":"Thưa Quý khách!\n\nTrước mắt Quý khách là dãy các quầy hàng lưu niệm tại cụm di tích Hoàng Trù. Để đáp ứng nhu cầu của du khách tới tham quan, ban quản lý khu di tích đã cho xây dựng dãy kiosk để du khách có thể vừa tham quan vừa có thể mua những món lưu niệm, những sản vật quê hương Nam Đàn về làm quà. Quý khách có thể mua những đặc sản của sứ Nghệ như kẹo Cu Đơ, tương Nam Đàn, Nhút Thanh Chương, Tinh Nghệ, Chè Sen, sắn dây hoặc là những mẫu quần áo, túi xách, mũ nón được in hình quê hương của Bác. Ngoài ra, có thể mua những bức tượng đúc bằng đá in hình ảnh quê nội, quê ngoại Bác và hình ảnh Bác... Đặc biệt, những người bán hàng ở đây đa phần đều là con cháu của những gia đình hàng xóm của Bác ngày xưa và có cả cháu chắt của bên ngoại Bác.\n \nSau vài phút dừng chân, sau đây xin mời quý khách bắt đầu chuyến tham quan cụm di tích làng Hoàng Trù. Quý khách đi theo chỉ dẫn, quét mã QR hoặc bấm mã số tương ứng để lắng nghe những câu chuyện tại các điểm tham quan. Chúc quý khách có 1 chuyến tham quan đầy ý nghĩa."
      },
      {
      "id":4,
      "audio":"Que_ngoai_Hoang_Tru/story/story_4/audio.mp3",
      "images":[],
      "description":"Thưa quý khách, quý khách đang đi trên con đường dẫn vào cụm di tích quê Ngoại – làng Hoàng Trù.\n\nĐắm mình trong không gian xanh mát, tĩnh lặng, yên lành, thấp thoáng sau lũy tre xanh cụm di tích làng Chùa nằm trong một khu vườn rộng 7 sào Trung Bộ (3500m2) thuộc xã Kim Liên, huyện Nam Đàn của tỉnh Nghệ An. Tại đây có 3 ngôi nhà: ngôi nhà tranh 5 gian là ngôi nhà cụ Hoàng Xuân Đường và cụ Nguyễn Thị Kép – ông bà ngoại của chủ tịch Hồ Chí Minh, ngôi nhà thờ chi nhánh dòng họ Hoàng Xuân và ngôi nhà tranh 3 gian phía Tây vườn - nơi chủ tịch Hồ Chí Minh cất tiếng khóc chào đời. Ngoài ra, còn có 3 căn nhà của các hộ láng giềng thân cận. Ngăn cách giữa các nhà là hàng dâm bụt được cắt tỉa gọn gàng như ôm lấy ngôi nhà tranh bé nhỏ nhưng vẫn chừa những lối nhỏ thông giữa các nhà. Nhân dân làng Chùa xưa tuy cuộc sống khó khăn, vất vả là vậy nhưng giữa họ vẫn luôn ấm áp tình làng nghĩa xóm, luôn quan tâm và giúp đỡ lẫn nhau. Tất cả vẫn giữ nguyên nét giản dị, mộc mạc như cảnh làng quê Việt Nam những năm cuối thế kỷ XIX. Cụm di tích Hoàng Trù, ngôi nhà nhỏ ba gian là nơi cất tiếng khóc chào đời của Chủ tịch Hồ Chí Minh - nơi đã gắn bó những năm tháng tuổi thơ đẹp đẽ và cũng đầy gian khó, nhọc nhằn của Người cùng ông bà, cha mẹ, các anh chị em. Cũng chính nơi đây Người đã nhận được tình yêu thương của những người thân, của quê hương; được chứng kiến sự dạy dỗ tận tình của ông ngoại với cha mình. Những giá trị tinh thần ấy là khởi nguồn cho một khát vọng lớn lao; để cậu bé Nguyễn Sinh Cung trở thành Chủ tịch Hồ Chí Minh vĩ đại, anh hùng giải phóng dân tộc, nhà văn hoá của đất nước Việt Nam\n\nSau đây, xin mời quý khách di chuyển tới điểm tham quan đầu tiên trong chuyến trải nghiệm thăm “làng Chùa quê mẹ” – hộ láng giềng nhà ông Hoàng Xuân Thục."
      },
      {
      "id":5,
      "audio":"Que_ngoai_Hoang_Tru/story/story_5/audio.mp3",
      "images":[],
      "description":"Thưa quý khách\n\nLàng Chùa xưa thuộc vùng đất nghèo của huyện Nam Đàn, những năm cuối thế kỷ XIX đến đầu thế kỷ XX, làng chỉ có những mái nhà tranh, trong nhà chỉ có vài chiếc giường tre đơn sơ, mộc mạc. Tuy đời sống nghèo khó nhưng nhân dân trong làng vẫn cố gắng chắt chiu nuôi con ăn học, dần dần nơi đây đã hình thành một tầng lớp nho sĩ – trí thức bình dân khá đông đảo. Gia đình ông Hoàng Xuân Thục quý khách đang tham quan đây là một trong những hộ gia đình như vậy. Ông Hoàng Xuân Thục, người làng Hoàng Trù, nay thuộc xóm Hoàng Trù 1, xã Kim Liên. Ông sinh năm 1843 mất năm 1892, thuộc đời thứ 14 của gia tộc họ Hoàng – làng Hoàng Trù. Là chi họ thứ hai – anh em thúc bá với cụ Hoàng Xuân Đường. Ông là con thứ 4 trong một gia đình nho học, có cha làm nghề dạy chữ Hán, mẹ làm nghề nông. Lúc nhỏ ông được học chữ Hán, lớn lên theo nghiệp cha dạy học, ngoài ra ông còn làm thêm nghề cắt thuốc nam. Ông lập gia đình với bà Trần Thị Vinh và sinh hạ được 4 người con: 2 trai, 2 gái. Ngôi nhà của ông nằm trên khu vườn có diện tích 1978 m2, với 2 ngôi nhà: ngôi nhà lớn 3 gian và ngôi nhà nhỏ 2 gian, ngoài ra gia đình còn có chuồng trâu nằm ở đầu hồi nhà ngang. Sau này, khi ông Hoàng Xuân Thục mất, người con trai cả Hoàng Xuân Khôi kế thừa gia sản, tiếp tục ở lại đây cùng con cháu và mất vào năm 1943. Xin mời quý khách tham quan các gian nhà để phần nào hình dung được đời sống của người dân làng Chùa khi xưa. Tuy nghèo khó nhưng luôn thấm đượm tình người.\n\nTiếp theo đây, mời quý khách tiếp tục di chuyển tới tham quan một hộ làng giềng khác trong cụm di tích để có được cái nhìn phong phú hơn về khung cảnh làng quê xưa, đó là hộ láng giềng ông Hoàng Phan Mỹ."
      },
      {
      "id":6,
      "audio":"Que_ngoai_Hoang_Tru/story/story_6/audio.mp3",
      "images":[
         "Que_ngoai_Hoang_Tru/story/story_6/images/image_1.png"
      ],
      "description":"Thưa quý khách, quý khách đang tham quan gia đình ông Hoàng Phan Mỹ, ông là cậu đằng ngoại của Bác Hồ.\n\nÔng sinh năm 1894, sau khi lập gia đình với bà Nguyễn Thị Cọt – người xã Nam Cát, ông bà ra ở riêng năm 1915 tại mảnh đất rộng 1.192m2 mà quý khách đang đứng đây. Hai ông bà sinh hạ được 4 người con, nhưng đáng tiếc sau đó 1 người con trai và 1 người con gái của ông không may qua đời sớm. Cuộc sống gia đình tương đối vất vả, căn nhà tranh 3 gian mộc mạc, đơn sơ. Những năm cuối đời ông bán nhà xuống ở với người con gái út xã Nam Giang.\n\nXin mời quý khách tiếp tục tham quan gia đình ông Hoàng Phan Quỳnh cũng là một trong những hộ láng giềng thân thiết với gia đình cụ Hoàng Xuân Đường."
      },
      {
      "id":7,
      "audio":"Que_ngoai_Hoang_Tru/story/story_7/audio.mp3",
      "images":[
         "Que_ngoai_Hoang_Tru/story/story_7/images/image_1.png",
         "Que_ngoai_Hoang_Tru/story/story_7/images/image_2.png"
      ],
      "description":"Thưa quý khách!\n\nKhác với đa số hộ gia đình khác trong làng, gia đình ông Hoang Phan Quỳnh thuộc diện giàu có trong làng. Ngôi nhà ông sống không phải ngôi nhà tranh 3 gian đơn sơ mà là nhà ngói lớn với kiến trúc kiểu tứ trụ có chạm khắc rất đẹp và ngôi nhà ngang 3 gian. Toàn bộ nằm trong diện tích 1.818 m2. Ông Hoàng Phan Quỳnh sinh năm 1851 mất năm 1902 thuộc đời thứ 15 của dòng họ Hoàng. Ông lấy vợ tên là Phan Thị Nhân, người làng Hữu Biệt, xã Nam Giang và sinh được 1 người con gái nhứng không may mất từ lúc còn nhỏ, sau đó vợ ông cũng qua đời. Ông Quỳnh lấy vợ thứ 2 là Phan Thị Dy và sinh được 7 người con gồm 4 trai, 3 gái. Ông Hoàng Phan Quỳnh là anh em thúc bá với ông Hoàng Xuân Đường (ông ngoại của Bác Hồ). Hai gia đình có mối quan hệ vô cùng khăng khít. Không chỉ thuở nhỏ hai chị em bà Hoàng Thị Loan (thân mẫu Bác Hồ) cùng với em gái là bà Hoàng Thị An (dì ruột của Bác Hồ) thường sang chơi với các con của cụ Quỳnh. Mà cho tới khi trở thành Chủ tịch nước, Bác Hồ vẫn vô cùng thân thiết và kính trọng những người họ hàng quê ngoại, điều này được thể hiện rất rõ qua bức thư Người gửi cho cậu Hoàng Xuân Kính (con trai cả của cụ Hoàng Phan Quỳnh) năm 1949 đang treo tại nhà chi họ Hoàng Xuân.\n\nSau đây xin mời quý khách tham quan phần chính của cụm di tích làng Chùa: cụm 3 ngôi nhà: ngôi nhà của cụ Hoàng Xuân Đường, sau là nhà thờ chi họ Hoàng Xuân, và đặc biệt là ngôi nhà tranh 3 gian nơi Bác Hồ muôn vàn kính yêu của chúng ta cất tiếng khóc chào đời."
      },
      {
      "id":8,
      "audio":"Que_ngoai_Hoang_Tru/story/story_8/audio.mp3",
      "images":[
         "Que_ngoai_Hoang_Tru/story/story_8/images/image_1.png"
      ],
      "description":"Thưa quý khách!\n\nTrước mắt quý khách là ngôi nhà tranh 5 gian – nơi ông bà ngoại Bác là cụ Hoàng Xuân Đường (người ta còn gọi cụ là cụ Hoàng Đường) và cụ Nguyễn Thị Kép cùng nhau sinh sống và vun đắp hạnh phúc. Cũng là nơi thân mẫu của Người – bà Hoàng Thị Loan sinh ra, gặp gỡ và nên duyên cùng thân sinh của người là ông Nguyễn Sinh Sắc. Ngôi nhà gồm 5 gian: 3 gian ngoài dùng làm gian dạy học và nghỉ của ngơi cụ Hoàng Đường, 2 gian trong là nơi sinh hoạt của gia đình.\n\nBộ phản gỗ gian thứ nhất là nơi cụ Hoàng Đường dạy học, học trò của cụ chủ yếu là con em nhân dân lao động trong vùng. Gian thứ hai bày 2 chiếc án thư, một bộ tràng kỷ bằng tre. Án thư phía ngoài có đặt nghiên mực và hộp bút lông là nơi ra bài và chấm bài của cụ Hoàng Đường. Án thư phía trong có bộ ấm chén uống trà và nậm rượu là nơi tiếp khách của gia đình. Tại đây, các cụ đã uống trà bình thơ văn và đàm đạo về thời cuộc. Bộ phản thứ 3 là nơi nghỉ của cụ Hoàng Đường.\n\nGian thứ 4 là căn buồng có đặt 1 chiếc giường nhỏ là nơi nghỉ của cụ Nguyễn Thị Kép. Tại đây cụ Nguyễn Thị Kép đã sinh 2 người con gái: người con gái đầu lòng là Hoàng Thị Loan sinh năm 1868, là thân mẫu của chủ tịch HCM; người con thứ 2 là Hoàng Thị An, sinh năm 1877 là dì của chủ tịch HCM sau này. Gian thứ 5 phía ngoài có đặt một chiếc giường nhỏ là nơi nghỉ của 2 cô con gái. Phía trong có chiếc khung cửi dệt vải, ở khoảng giữa tiếp giáp 2 gian là chiếc tủ đựng đồ dùng của gia đình. Tại đây cụ Nguyễn Thị Kép đã kèm cặp, dạy dỗ 2 cô con gái biết yêu lao động, chăm chỉ trong công việc đồng áng, khéo léo trong nghề xe tơ, dệt lụa, cụ còn truyền lại cho các con vốn kiến thức văn hóa dân gian\n\nThưa quý khách, cụ Hoàng Đường – ông ngoại của Bác Hồ chúng ta tuy xuất thân là một nhà nho khả giả, nhưng cụ cuộc sống của cụ vô cùng mộc mạc, giản dị. Ngôi nhà tranh chỉ là những vật dụng rất đỗi bình dị những bao gia đình làng Chùa khác nhưng lại luôn luôn ấm áp bởi tấm lòng nhân ái và bao dung của cụ. Chính vì lẽ đó, mà 2 cô con gái của ông bà là bà Hoàng Thị Loan (thân mẫu chủ tịch Hồ Chí Minh) và bà Hoàng Thị An đều không chỉ đẹp người, đẹp nết mà còn giàu lòng nhân hậu, vị tha. Cũng chính nhờ tấm lòng thương yêu, dạy dỗ của cụ Hoàng Đường mà thân sinh của Người là cụ Nguyễn Sinh Sắc mới có cơ hội được theo đuổi con đường cử nghiệp.\n\nThưa quý khách, cuộc gặp gỡ giữa cụ Hoàng Đường và cậu bé Nguyễn Sinh Sắc đã làm thay đổi cuộc đời của cậu bé nghèo Nguyễn Sinh Sắc. Cũng chính là khởi đầu cho mối lương duyên đẹp đẽ giữa cha và mẹ Người. Tiếp sau đây mời quý khách nhấn mã số tương ứng và lắng nghe câu chuyện về cuộc gặp gỡ định mệnh giữa ông ngoại và thân sinh của Người."
      },
      {
      "id":9,
      "audio":"Que_ngoai_Hoang_Tru/story/story_9/audio.mp3",
      "images":[],
      "description":"Thưa quý khách,\n\nVào dịp đầu xuân Mậu Dần (1878) cụ Hoàng Đường khi trên đường đi chúc Tết tại làng Sen, cách Hoàng Trù khoảng 2 km, thấy 1 cậu bé đang chăn trâu mà mải mê đọc sách. Cảnh tượng này làm cho cụ Hoàng Đường vô cùng xúc động. Tìm hiểu gia cảnh, cụ Hoàng Đường biết rằng Nguyễn Sinh Sắc là con của ông Nguyễn Sinh Nhậm và bà Hà Thị Hy ở làng Sen, nhưng lên 4 tuổi cậu Nguyễn Sinh Sắc đã mô côi cả cha lẫn mẹ sống với người anh cùng cha khác mẹ là ông Nguyễn Sinh Thuyết. Từ nhỏ Nguyễn Sinh Sắc là cậu bé thông minh, ham học nhưng do điều kiện, hoàn cảnh của gia đình nên không được đến trường. Thương cảm trước cảnh ngộ đó, cụ Hoàng Đường đã bàn với vợ đón Nguyễn Sinh Sắc về nhà mình nuôi ăn học. Tại đây, Nguyễn Sinh Sắc được sống trong tình yêu thương và sự dạy dỗ của gia đình của cụ Hoàng Đường. Đây là bước ngoặt trong cuộc đời của ông. Sau những năm tháng học tập, Nguyễn Sinh Sắc đã tiếp thu những kiến thức cơ bản về Hán, có thể đàm đạo thơ văn với lứa học trò lớp trước.\n\nNhờ công lao chăm sóc, dạy dỗ của gia đình cụ Hoàng Đường, cậu bé Nguyễn Sinh Sắc năm nào đã khôn lớn, không chỉ thông minh mà còn chăm chỉ, hiền lành. Nguyễn Sinh Sắc ngày đêm ôn luyện, dùi mài kinh sử, mong một ngày đỗ đạt thành tài để báo đáp công ơn trời bể của người thầy, người cha đã cưu mang mình.Và cũng thật thiếu sót nếu một lần tới thăm làng Chùa mà không cùng tìm hiểu về cụ Hoàng Xuân Đường – người đã ươm trồng cho tài năng của ông Nguyễn Sinh Sắc – thân sinh chủ tịch Hồ Chí Minh.\n\nMời quý khách ấn mã số tương ứng để cùng lắng nghe những câu chuyện về cụ Hoàng Xuân Đường – ông ngoại chủ tịch Hồ Chí Minh."
      },
      {
      "id":10,
      "audio":"Que_ngoai_Hoang_Tru/story/story_10/audio.mp3",
      "images":[
         "Que_ngoai_Hoang_Tru/story/story_10/images/image_1.png",
         "Que_ngoai_Hoang_Tru/story/story_10/images/image_2.png"
      ],
      "description":"Thưa quý khách,\n\nCụ Hoàng Xuân Đường sinh ra và lớn lên trong một gia đình nho học ở làng Hoàng Trù, xã Chung Cự, tổng Lâm Thịnh, huyện Nam Đàn, tỉnh Nghệ An (nay là xòm Trù 1, xã Kim Liên). Sinh trưởng trong một gia đình có nề nếp gia phong, thuở nhỏ cụ Hoàng Xuân Đường chịu ảnh hưởng truyền thống quê hương, lại được tôi luyện trong cái nôi Hán học ở mảnh đất Kim Liên vì vậy mà tuy chưa từng có học vị cao nhưng cụ vẫn được nhân dân suy tôn là cụ Tú đường. Nhân dân gần xa đều gửi gắm con em tới nhà cụ để được học con chữ, được dạy dỗ điều hay lẽ phải, mong sau này đỗ đạt thành tài. Cuộc đời cụ Hoàng Xuân Đường đã đi vào lịch sử với niềm tự hào là người có công phát hiện, ươm trồng tài năng cho ông Nguyễn Sinh Sắc – thân sinh của Bác Hồ.\n\nNhớ năm đó, khi ông Nguyễn Sinh Sắc đên tuổi trưởng thành, cô Hoàng Thị Loan – con gái đầu của cụ cũng đã lớn và ngày càng có tình cảm với cậu con trai thông minh và tốt nết ấy. Trước tình cảm của 2 con, cụ và người vợ của mình là cụ Nguyễn Thị Kép đã vượt lên lễ giáo phong kiến mà xe duyên cho mối tình cao đẹp của đôi trẻ, để rồi từ mối tơ duyên đẹp đẽ đó đã sinh cho đất nước những người vĩ đại, trong đó có Bác Hồ của chúng ta.\n\nCụ Hoàng Đường qua đời ngày 7/4 năm Quý Tị (tức 1893). Dẫu rằng chỉ được sống cùng ông ngoại 3 năm ngắn ngủi, nhưng trong những năm tháng đầu đời quan trọng ấy, qua những câu chuyện giản dị, những lời khuyên mộc mạc, những câu hò Vĩ Dặm... mà ông đã đọc, đã hát cho cậu bé Nguyễn Sinh Cung nghe, tuy chưa hiểu hết một cách trọn vẹn, song cũng đã có tác động lớn đối với việc hình thành nên nhân cách của cậu. Ông ngoại, bà ngoại, dì An và đặc biệt gần gũi nhất là người mẹ kính yêu đã thổi vào tâm hồn cậu bé Nguyễn Sinh Cung tình thương yêu con người, lòng nhân hậu bao la. Sau này, khi chứng kiến những nỗi đau của bà con nhân dân, của dân tộc, tâm hồn ấy lớn dần theo năm tháng, để rồi thôi thúc chàng thanh niên Nguyễn Tất Thành quyết chí tìm đường cứu nước, cứu dân, thôi thúc Nguyễn Ái Quốc - Hồ Chí Minh lãnh đạo nhân dân giải phóng dân tộc, thống nhất đất nước.\n\nThưa quý khách, trong số các cuốn sách viết về gia đình chủ tịch Hồ Chí Minh, có thể thấy tư liệu về cụ Nguyễn Thị Kép – bà ngoại của Người rất ít. Tuy nhiên chúng ta vẫn có thể cảm nhận rất rõ tình cảm của cụ dành cho người cháu ngoại thông minh, ngoan ngoãn và lúc nào cũng thảo hiền với ngoại. Tiếp sau đây, mời quý khách lắng nghe đôi nét về người bà kính yêu của chủ tịch Hồ Chí Minh – cụ Nguyễn Thị Kép."
      },
      {
      "id":11,
      "audio":"Khu_mo_ba_Hoang_Thi_Loan/story/story_11/audio.mp3",
      "images":[
         "Khu_mo_ba_Hoang_Thi_Loan/story/story_11/images/image_1.png",
         "Khu_mo_ba_Hoang_Thi_Loan/story/story_11/images/image_2.png",
         "Khu_mo_ba_Hoang_Thi_Loan/story/story_11/images/image_3.png"
      ],
      "description":"Thưa quý khách\n\nCụ Nguyễn Thị Kép là người làng Kẻ Sía, xã Hưng Đạo, huyện Hưng Nguyên, cụ sinh ra trong gia đình có truyền thống Nho học – cha là nhà nho Nguyễn Văn Giáp, người đỗ bốn khoa Tú tài. Cụ Nguyễn Thị Kép nên duyên cùng cụ Hoàng Đường năm 15 tuổi, khi ấy là con trai người bạn thân của ông Giáp, ở làng Hoàng Trù. Cụ bà Nguyễn Thị Kép người phụ nữ nông thôn nhân hậu, đảm đang, thuộc nhiều làn điệu dân ca xứ Nghệ. Gia đình ông bà sống với nhau vô cùng đầm ấm hạnh phúc. Bà Kép sinh hạ được 2 người con là Hoàng Thị Loan và Hoàng Thị An. Nhờ sự dạy dỗ, kèm cặp của bà 2 người con gái lớn lên đều chăm chỉ, ngoan hiền, đẹp nết đẹp người.\n\nSau khi vợ chồng con gái ra ở riêng, bà vẫn luôn đùm bọc, chở che và yêu thương các con, các cháu. Chẳng vậy mà sau này, khi theo cha về làng Sen 3 anh em cậu bé Nguyễn Sinh Cung vẫn thường xuyên trở về làng Chùa để thăm và chăm sóc bà ngoại. Chuyện kể rằng: Năm 1895, khi ông Nguyễn Sinh Sắc mang theo vợ và 2 đứa con trai cùng vào Huế, cậu Cung lúc này đã lên 5 tuổi mừng rỡ khi nhặt được một quả cau, cậu đưa lên vạt áo lau sạch, cả nhà cùng cười ồ lên vì tưởng cậu nhầm là quả chanh nhưng cậu đã lễ phép thưa: “Con biết chứ, đây là quả cau, con nhặt để mang về cho bà ngoại”. Câu chuyện nhỏ nhưng qua đó chúng ta thấy được tình cảm yêu quý mà Bác dành cho bà ngoại.\n\nNăm 1901, nghe tin con gái qua đời, mặc dù vô cùng đau xót nhưng đứng trước cảnh các cháu bơ vơ, bà lại nén đau thương đón con cháu trở về. Khoa thi Hội Tân Sửu 1901 đã đến, được sự động viên giúp đỡ của cụ Nguyễn Thị Kép và bà con, để trọn tình vẹn nghĩa với người vợ đã yên nghỉ tại Huế, ông Nguyễn Sinh Sắc vào Huế dự khoa thi Hội Tân Sửu và Khoa thi này ông đã đỗ học vị Phó Bảng. Theo tục lệ xưa, Vinh quy bái tổ ông Nguyễn Sinh Sắc đã cùng các con dời mảnh đất Hoàng Trù đầy ân nghĩa để trở về sinh sống tại làng Sen - quê nội. Những năm tháng sống tại làng Sen, anh chị em Bác vẫn thường xuyên về với Hoàng Trù để chăm sóc bà ngoại. Năm 1904, bà ngoại chủ tịch Hồ Chí Minh qua đời. Thưa quý khách, thời thơ ấu được sống bên cha mẹ và ông bà ngoại, được sống trong tình yêu thương, dạy bảo những điều hay lẽ đẹp, tất cả những điều đó đã góp phần hình nên nhân cách vĩ đại Người. Để rồi mãi sau này, trong lần duy nhất về thăm Hoàng Trù, Bác Hồ của chúng ta đã không khỏi bồi hồi xúc động khi nhớ lại những kỷ niệm ngày bên gia đình.\n\nĐể tiếp tục chuyến tham quan về thăm làng Chùa, xin mời quý khách di chuyển là phía sau đặt những bó hoa thơm ngát, tỏ lòng thành kính tại nhà thờ chi họ Hoàng Xuân. Cũng như lắng nghe câu chuyện bức thư Bác gửi cậu và dượng để thấy rằng dù có đi xa đến đâu lòng Bác vẫn luôn nhớ về gia đình về quê hương."
      },
      {
      "id":12,
      "audio":"Khu_mo_ba_Hoang_Thi_Loan/story/story_12/audio.mp3",
      "images":[
         "Khu_mo_ba_Hoang_Thi_Loan/story/story_12/images/image_1.png",
         "Khu_mo_ba_Hoang_Thi_Loan/story/story_12/images/image_2.png"
      ],
      "description":"Thưa quý khách,\n\nCụ Hoàng Xuân Đường sinh ra và lớn lên trong một gia đình nho học ở làng Hoàng Trù, xã Chung Cự, tổng Lâm Thịnh, huyện Nam Đàn, tỉnh Nghệ An (nay là xòm Trù 1, xã Kim Liên). Sinh trưởng trong một gia đình có nề nếp gia phong, thuở nhỏ cụ Hoàng Xuân Đường chịu ảnh hưởng truyền thống quê hương, lại được tôi luyện trong cái nôi Hán học ở mảnh đất Kim Liên vì vậy mà tuy chưa từng có học vị cao nhưng cụ vẫn được nhân dân suy tôn là cụ Tú đường. Nhân dân gần xa đều gửi gắm con em tới nhà cụ để được học con chữ, được dạy dỗ điều hay lẽ phải, mong sau này đỗ đạt thành tài. Cuộc đời cụ Hoàng Xuân Đường đã đi vào lịch sử với niềm tự hào là người có công phát hiện, ươm trồng tài năng cho ông Nguyễn Sinh Sắc – thân sinh của Bác Hồ.\n\nNhớ năm đó, khi ông Nguyễn Sinh Sắc đên tuổi trưởng thành, cô Hoàng Thị Loan – con gái đầu của cụ cũng đã lớn và ngày càng có tình cảm với cậu con trai thông minh và tốt nết ấy. Trước tình cảm của 2 con, cụ và người vợ của mình là cụ Nguyễn Thị Kép đã vượt lên lễ giáo phong kiến mà xe duyên cho mối tình cao đẹp của đôi trẻ, để rồi từ mối tơ duyên đẹp đẽ đó đã sinh cho đất nước những người vĩ đại, trong đó có Bác Hồ của chúng ta.\n\nCụ Hoàng Đường qua đời ngày 7/4 năm Quý Tị (tức 1893). Dẫu rằng chỉ được sống cùng ông ngoại 3 năm ngắn ngủi, nhưng trong những năm tháng đầu đời quan trọng ấy, qua những câu chuyện giản dị, những lời khuyên mộc mạc, những câu hò Vĩ Dặm... mà ông đã đọc, đã hát cho cậu bé Nguyễn Sinh Cung nghe, tuy chưa hiểu hết một cách trọn vẹn, song cũng đã có tác động lớn đối với việc hình thành nên nhân cách của cậu. Ông ngoại, bà ngoại, dì An và đặc biệt gần gũi nhất là người mẹ kính yêu đã thổi vào tâm hồn cậu bé Nguyễn Sinh Cung tình thương yêu con người, lòng nhân hậu bao la. Sau này, khi chứng kiến những nỗi đau của bà con nhân dân, của dân tộc, tâm hồn ấy lớn dần theo năm tháng, để rồi thôi thúc chàng thanh niên Nguyễn Tất Thành quyết chí tìm đường cứu nước, cứu dân, thôi thúc Nguyễn Ái Quốc - Hồ Chí Minh lãnh đạo nhân dân giải phóng dân tộc, thống nhất đất nước.\n\nThưa quý khách, trong số các cuốn sách viết về gia đình chủ tịch Hồ Chí Minh, có thể thấy tư liệu về cụ Nguyễn Thị Kép – bà ngoại của Người rất ít. Tuy nhiên chúng ta vẫn có thể cảm nhận rất rõ tình cảm của cụ dành cho người cháu ngoại thông minh, ngoan ngoãn và lúc nào cũng thảo hiền với ngoại. Tiếp sau đây, mời quý khách lắng nghe đôi nét về người bà kính yêu của chủ tịch Hồ Chí Minh – cụ Nguyễn Thị Kép."
      },
      {
      "id":13,
      "audio":"Khu_mo_ba_Hoang_Thi_Loan/story/story_13/audio.mp3",
      "images":[
         "Khu_mo_ba_Hoang_Thi_Loan/story/story_13/images/image_1.png"
      ],
      "description":"Thưa quý khách\n\nLàng Chùa xưa thuộc vùng đất nghèo của huyện Nam Đàn, những năm cuối thế kỷ XIX đến đầu thế kỷ XX, làng chỉ có những mái nhà tranh, trong nhà chỉ có vài chiếc giường tre đơn sơ, mộc mạc. Tuy đời sống nghèo khó nhưng nhân dân trong làng vẫn cố gắng chắt chiu nuôi con ăn học, dần dần nơi đây đã hình thành một tầng lớp nho sĩ – trí thức bình dân khá đông đảo. Gia đình ông Hoàng Xuân Thục quý khách đang tham quan đây là một trong những hộ gia đình như vậy. Ông Hoàng Xuân Thục, người làng Hoàng Trù, nay thuộc xóm Hoàng Trù 1, xã Kim Liên. Ông sinh năm 1843 mất năm 1892, thuộc đời thứ 14 của gia tộc họ Hoàng – làng Hoàng Trù. Là chi họ thứ hai – anh em thúc bá với cụ Hoàng Xuân Đường. Ông là con thứ 4 trong một gia đình nho học, có cha làm nghề dạy chữ Hán, mẹ làm nghề nông. Lúc nhỏ ông được học chữ Hán, lớn lên theo nghiệp cha dạy học, ngoài ra ông còn làm thêm nghề cắt thuốc nam. Ông lập gia đình với bà Trần Thị Vinh và sinh hạ được 4 người con: 2 trai, 2 gái. Ngôi nhà của ông nằm trên khu vườn có diện tích 1978 m2, với 2 ngôi nhà: ngôi nhà lớn 3 gian và ngôi nhà nhỏ 2 gian, ngoài ra gia đình còn có chuồng trâu nằm ở đầu hồi nhà ngang. Sau này, khi ông Hoàng Xuân Thục mất, người con trai cả Hoàng Xuân Khôi kế thừa gia sản, tiếp tục ở lại đây cùng con cháu và mất vào năm 1943. Xin mời quý khách tham quan các gian nhà để phần nào hình dung được đời sống của người dân làng Chùa khi xưa. Tuy nghèo khó nhưng luôn thấm đượm tình người.\n\nTiếp theo đây, mời quý khách tiếp tục di chuyển tới tham quan một hộ làng giềng khác trong cụm di tích để có được cái nhìn phong phú hơn về khung cảnh làng quê xưa, đó là hộ láng giềng ông Hoàng Phan Mỹ."
      },
      {
      "id":14,
      "audio":"Khu_mo_ba_Hoang_Thi_Loan/story/story_14/audio.mp3",
      "images":[
         "Khu_mo_ba_Hoang_Thi_Loan/story/story_14/images/image_1.png",
         "Khu_mo_ba_Hoang_Thi_Loan/story/story_14/images/image_2.png"
      ],
      "description":"Thưa quý khách!\n\nKhác với đa số hộ gia đình khác trong làng, gia đình ông Hoang Phan Quỳnh thuộc diện giàu có trong làng. Ngôi nhà ông sống không phải ngôi nhà tranh 3 gian đơn sơ mà là nhà ngói lớn với kiến trúc kiểu tứ trụ có chạm khắc rất đẹp và ngôi nhà ngang 3 gian. Toàn bộ nằm trong diện tích 1.818 m2. Ông Hoàng Phan Quỳnh sinh năm 1851 mất năm 1902 thuộc đời thứ 15 của dòng họ Hoàng. Ông lấy vợ tên là Phan Thị Nhân, người làng Hữu Biệt, xã Nam Giang và sinh được 1 người con gái nhứng không may mất từ lúc còn nhỏ, sau đó vợ ông cũng qua đời. Ông Quỳnh lấy vợ thứ 2 là Phan Thị Dy và sinh được 7 người con gồm 4 trai, 3 gái. Ông Hoàng Phan Quỳnh là anh em thúc bá với ông Hoàng Xuân Đường (ông ngoại của Bác Hồ). Hai gia đình có mối quan hệ vô cùng khăng khít. Không chỉ thuở nhỏ hai chị em bà Hoàng Thị Loan (thân mẫu Bác Hồ) cùng với em gái là bà Hoàng Thị An (dì ruột của Bác Hồ) thường sang chơi với các con của cụ Quỳnh. Mà cho tới khi trở thành Chủ tịch nước, Bác Hồ vẫn vô cùng thân thiết và kính trọng những người họ hàng quê ngoại, điều này được thể hiện rất rõ qua bức thư Người gửi cho cậu Hoàng Xuân Kính (con trai cả của cụ Hoàng Phan Quỳnh) năm 1949 đang treo tại nhà chi họ Hoàng Xuân.\n\nSau đây xin mời quý khách tham quan phần chính của cụm di tích làng Chùa: cụm 3 ngôi nhà: ngôi nhà của cụ Hoàng Xuân Đường, sau là nhà thờ chi họ Hoàng Xuân, và đặc biệt là ngôi nhà tranh 3 gian nơi Bác Hồ muôn vàn kính yêu của chúng ta cất tiếng khóc chào đời."
      },
      {
      "id":15,
      "audio":"Khu_mo_ba_Hoang_Thi_Loan/story/story_15/audio.mp3",
      "images":[],
      "description":"Thưa quý khách, quý khách đang tham quan gia đình ông Hoàng Phan Mỹ, ông là cậu đằng ngoại của Bác Hồ.\n\nÔng sinh năm 1894, sau khi lập gia đình với bà Nguyễn Thị Cọt – người xã Nam Cát, ông bà ra ở riêng năm 1915 tại mảnh đất rộng 1.192m2 mà quý khách đang đứng đây. Hai ông bà sinh hạ được 4 người con, nhưng đáng tiếc sau đó 1 người con trai và 1 người con gái của ông không may qua đời sớm. Cuộc sống gia đình tương đối vất vả, căn nhà tranh 3 gian mộc mạc, đơn sơ. Những năm cuối đời ông bán nhà xuống ở với người con gái út xã Nam Giang.\n\nXin mời quý khách tiếp tục tham quan gia đình ông Hoàng Phan Quỳnh cũng là một trong những hộ láng giềng thân thiết với gia đình cụ Hoàng Xuân Đường.\n\nThưa quý khách, quý khách đang tham quan gia đình ông Hoàng Phan Mỹ, ông là cậu đằng ngoại của Bác Hồ.\n\nÔng sinh năm 1894, sau khi lập gia đình với bà Nguyễn Thị Cọt – người xã Nam Cát, ông bà ra ở riêng năm 1915 tại mảnh đất rộng 1.192m2 mà quý khách đang đứng đây. Hai ông bà sinh hạ được 4 người con, nhưng đáng tiếc sau đó 1 người con trai và 1 người con gái của ông không may qua đời sớm. Cuộc sống gia đình tương đối vất vả, căn nhà tranh 3 gian mộc mạc, đơn sơ. Những năm cuối đời ông bán nhà xuống ở với người con gái út xã Nam Giang.\n\nXin mời quý khách tiếp tục tham quan gia đình ông Hoàng Phan Quỳnh cũng là một trong những hộ láng giềng thân thiết với gia đình cụ Hoàng Xuân Đường.\n\nThưa quý khách, quý khách đang tham quan gia đình ông Hoàng Phan Mỹ, ông là cậu đằng ngoại của Bác Hồ.\n\nÔng sinh năm 1894, sau khi lập gia đình với bà Nguyễn Thị Cọt – người xã Nam Cát, ông bà ra ở riêng năm 1915 tại mảnh đất rộng 1.192m2 mà quý khách đang đứng đây. Hai ông bà sinh hạ được 4 người con, nhưng đáng tiếc sau đó 1 người con trai và 1 người con gái của ông không may qua đời sớm. Cuộc sống gia đình tương đối vất vả, căn nhà tranh 3 gian mộc mạc, đơn sơ. Những năm cuối đời ông bán nhà xuống ở với người con gái út xã Nam Giang.\n\nXin mời quý khách tiếp tục tham quan gia đình ông Hoàng Phan Quỳnh cũng là một trong những hộ láng giềng thân thiết với gia đình cụ Hoàng Xuân Đường.\n\nThưa quý khách, quý khách đang tham quan gia đình ông Hoàng Phan Mỹ, ông là cậu đằng ngoại của Bác Hồ.\n\nÔng sinh năm 1894, sau khi lập gia đình với bà Nguyễn Thị Cọt – người xã Nam Cát, ông bà ra ở riêng năm 1915 tại mảnh đất rộng 1.192m2 mà quý khách đang đứng đây. Hai ông bà sinh hạ được 4 người con, nhưng đáng tiếc sau đó 1 người con trai và 1 người con gái của ông không may qua đời sớm. Cuộc sống gia đình tương đối vất vả, căn nhà tranh 3 gian mộc mạc, đơn sơ. Những năm cuối đời ông bán nhà xuống ở với người con gái út xã Nam Giang.\n\nXin mời quý khách tiếp tục tham quan gia đình ông Hoàng Phan Quỳnh cũng là một trong những hộ láng giềng thân thiết với gia đình cụ Hoàng Xuân Đường.\n\nThưa quý khách, quý khách đang tham quan gia đình ông Hoàng Phan Mỹ, ông là cậu đằng ngoại của Bác Hồ.\n\nÔng sinh năm 1894, sau khi lập gia đình với bà Nguyễn Thị Cọt – người xã Nam Cát, ông bà ra ở riêng năm 1915 tại mảnh đất rộng 1.192m2 mà quý khách đang đứng đây. Hai ông bà sinh hạ được 4 người con, nhưng đáng tiếc sau đó 1 người con trai và 1 người con gái của ông không may qua đời sớm. Cuộc sống gia đình tương đối vất vả, căn nhà tranh 3 gian mộc mạc, đơn sơ. Những năm cuối đời ông bán nhà xuống ở với người con gái út xã Nam Giang.\n\nXin mời quý khách tiếp tục tham quan gia đình ông Hoàng Phan Quỳnh cũng là một trong những hộ láng giềng thân thiết với gia đình cụ Hoàng Xuân Đường."
      },
      {
      "id":16,
      "audio":"Que_noi_lang_Sen/story/story_16/audio.mp3",
      "images":[
         "Que_noi_lang_Sen/story/story_16/images/image_1.png"
      ],
      "description":"Thưa quý khách!\n\nKhác với đa số hộ gia đình khác trong làng, gia đình ông Hoang Phan Quỳnh thuộc diện giàu có trong làng. Ngôi nhà ông sống không phải ngôi nhà tranh 3 gian đơn sơ mà là nhà ngói lớn với kiến trúc kiểu tứ trụ có chạm khắc rất đẹp và ngôi nhà ngang 3 gian. Toàn bộ nằm trong diện tích 1.818 m2. Ông Hoàng Phan Quỳnh sinh năm 1851 mất năm 1902 thuộc đời thứ 15 của dòng họ Hoàng. Ông lấy vợ tên là Phan Thị Nhân, người làng Hữu Biệt, xã Nam Giang và sinh được 1 người con gái nhứng không may mất từ lúc còn nhỏ, sau đó vợ ông cũng qua đời. Ông Quỳnh lấy vợ thứ 2 là Phan Thị Dy và sinh được 7 người con gồm 4 trai, 3 gái. Ông Hoàng Phan Quỳnh là anh em thúc bá với ông Hoàng Xuân Đường (ông ngoại của Bác Hồ). Hai gia đình có mối quan hệ vô cùng khăng khít. Không chỉ thuở nhỏ hai chị em bà Hoàng Thị Loan (thân mẫu Bác Hồ) cùng với em gái là bà Hoàng Thị An (dì ruột của Bác Hồ) thường sang chơi với các con của cụ Quỳnh. Mà cho tới khi trở thành Chủ tịch nước, Bác Hồ vẫn vô cùng thân thiết và kính trọng những người họ hàng quê ngoại, điều này được thể hiện rất rõ qua bức thư Người gửi cho cậu Hoàng Xuân Kính (con trai cả của cụ Hoàng Phan Quỳnh) năm 1949 đang treo tại nhà chi họ Hoàng Xuân.\n\nSau đây xin mời quý khách tham quan phần chính của cụm di tích làng Chùa: cụm 3 ngôi nhà: ngôi nhà của cụ Hoàng Xuân Đường, sau là nhà thờ chi họ Hoàng Xuân, và đặc biệt là ngôi nhà tranh 3 gian nơi Bác Hồ muôn vàn kính yêu của chúng ta cất tiếng khóc chào đời."
      },
      {
      "id":17,
      "audio":"Que_noi_lang_Sen/story/story_17/audio.mp3",
      "images":[],
      "description":"Thưa quý khách,\n\nVào dịp đầu xuân Mậu Dần (1878) cụ Hoàng Đường khi trên đường đi chúc Tết tại làng Sen, cách Hoàng Trù khoảng 2 km, thấy 1 cậu bé đang chăn trâu mà mải mê đọc sách. Cảnh tượng này làm cho cụ Hoàng Đường vô cùng xúc động. Tìm hiểu gia cảnh, cụ Hoàng Đường biết rằng Nguyễn Sinh Sắc là con của ông Nguyễn Sinh Nhậm và bà Hà Thị Hy ở làng Sen, nhưng lên 4 tuổi cậu Nguyễn Sinh Sắc đã mô côi cả cha lẫn mẹ sống với người anh cùng cha khác mẹ là ông Nguyễn Sinh Thuyết. Từ nhỏ Nguyễn Sinh Sắc là cậu bé thông minh, ham học nhưng do điều kiện, hoàn cảnh của gia đình nên không được đến trường. Thương cảm trước cảnh ngộ đó, cụ Hoàng Đường đã bàn với vợ đón Nguyễn Sinh Sắc về nhà mình nuôi ăn học. Tại đây, Nguyễn Sinh Sắc được sống trong tình yêu thương và sự dạy dỗ của gia đình của cụ Hoàng Đường. Đây là bước ngoặt trong cuộc đời của ông. Sau những năm tháng học tập, Nguyễn Sinh Sắc đã tiếp thu những kiến thức cơ bản về Hán, có thể đàm đạo thơ văn với lứa học trò lớp trước.\n\nNhờ công lao chăm sóc, dạy dỗ của gia đình cụ Hoàng Đường, cậu bé Nguyễn Sinh Sắc năm nào đã khôn lớn, không chỉ thông minh mà còn chăm chỉ, hiền lành. Nguyễn Sinh Sắc ngày đêm ôn luyện, dùi mài kinh sử, mong một ngày đỗ đạt thành tài để báo đáp công ơn trời bể của người thầy, người cha đã cưu mang mình.Và cũng thật thiếu sót nếu một lần tới thăm làng Chùa mà không cùng tìm hiểu về cụ Hoàng Xuân Đường – người đã ươm trồng cho tài năng của ông Nguyễn Sinh Sắc – thân sinh chủ tịch Hồ Chí Minh.\n\nMời quý khách ấn mã số tương ứng để cùng lắng nghe những câu chuyện về cụ Hoàng Xuân Đường – ông ngoại chủ tịch Hồ Chí Minh.\n\nThưa quý khách,\n\nVào dịp đầu xuân Mậu Dần (1878) cụ Hoàng Đường khi trên đường đi chúc Tết tại làng Sen, cách Hoàng Trù khoảng 2 km, thấy 1 cậu bé đang chăn trâu mà mải mê đọc sách. Cảnh tượng này làm cho cụ Hoàng Đường vô cùng xúc động. Tìm hiểu gia cảnh, cụ Hoàng Đường biết rằng Nguyễn Sinh Sắc là con của ông Nguyễn Sinh Nhậm và bà Hà Thị Hy ở làng Sen, nhưng lên 4 tuổi cậu Nguyễn Sinh Sắc đã mô côi cả cha lẫn mẹ sống với người anh cùng cha khác mẹ là ông Nguyễn Sinh Thuyết. Từ nhỏ Nguyễn Sinh Sắc là cậu bé thông minh, ham học nhưng do điều kiện, hoàn cảnh của gia đình nên không được đến trường. Thương cảm trước cảnh ngộ đó, cụ Hoàng Đường đã bàn với vợ đón Nguyễn Sinh Sắc về nhà mình nuôi ăn học. Tại đây, Nguyễn Sinh Sắc được sống trong tình yêu thương và sự dạy dỗ của gia đình của cụ Hoàng Đường. Đây là bước ngoặt trong cuộc đời của ông. Sau những năm tháng học tập, Nguyễn Sinh Sắc đã tiếp thu những kiến thức cơ bản về Hán, có thể đàm đạo thơ văn với lứa học trò lớp trước.\n\nNhờ công lao chăm sóc, dạy dỗ của gia đình cụ Hoàng Đường, cậu bé Nguyễn Sinh Sắc năm nào đã khôn lớn, không chỉ thông minh mà còn chăm chỉ, hiền lành. Nguyễn Sinh Sắc ngày đêm ôn luyện, dùi mài kinh sử, mong một ngày đỗ đạt thành tài để báo đáp công ơn trời bể của người thầy, người cha đã cưu mang mình.Và cũng thật thiếu sót nếu một lần tới thăm làng Chùa mà không cùng tìm hiểu về cụ Hoàng Xuân Đường – người đã ươm trồng cho tài năng của ông Nguyễn Sinh Sắc – thân sinh chủ tịch Hồ Chí Minh.\n\nMời quý khách ấn mã số tương ứng để cùng lắng nghe những câu chuyện về cụ Hoàng Xuân Đường – ông ngoại chủ tịch Hồ Chí Minh.\n\nThưa quý khách,\n\nVào dịp đầu xuân Mậu Dần (1878) cụ Hoàng Đường khi trên đường đi chúc Tết tại làng Sen, cách Hoàng Trù khoảng 2 km, thấy 1 cậu bé đang chăn trâu mà mải mê đọc sách. Cảnh tượng này làm cho cụ Hoàng Đường vô cùng xúc động. Tìm hiểu gia cảnh, cụ Hoàng Đường biết rằng Nguyễn Sinh Sắc là con của ông Nguyễn Sinh Nhậm và bà Hà Thị Hy ở làng Sen, nhưng lên 4 tuổi cậu Nguyễn Sinh Sắc đã mô côi cả cha lẫn mẹ sống với người anh cùng cha khác mẹ là ông Nguyễn Sinh Thuyết. Từ nhỏ Nguyễn Sinh Sắc là cậu bé thông minh, ham học nhưng do điều kiện, hoàn cảnh của gia đình nên không được đến trường. Thương cảm trước cảnh ngộ đó, cụ Hoàng Đường đã bàn với vợ đón Nguyễn Sinh Sắc về nhà mình nuôi ăn học. Tại đây, Nguyễn Sinh Sắc được sống trong tình yêu thương và sự dạy dỗ của gia đình của cụ Hoàng Đường. Đây là bước ngoặt trong cuộc đời của ông. Sau những năm tháng học tập, Nguyễn Sinh Sắc đã tiếp thu những kiến thức cơ bản về Hán, có thể đàm đạo thơ văn với lứa học trò lớp trước.\n\nNhờ công lao chăm sóc, dạy dỗ của gia đình cụ Hoàng Đường, cậu bé Nguyễn Sinh Sắc năm nào đã khôn lớn, không chỉ thông minh mà còn chăm chỉ, hiền lành. Nguyễn Sinh Sắc ngày đêm ôn luyện, dùi mài kinh sử, mong một ngày đỗ đạt thành tài để báo đáp công ơn trời bể của người thầy, người cha đã cưu mang mình.Và cũng thật thiếu sót nếu một lần tới thăm làng Chùa mà không cùng tìm hiểu về cụ Hoàng Xuân Đường – người đã ươm trồng cho tài năng của ông Nguyễn Sinh Sắc – thân sinh chủ tịch Hồ Chí Minh.\n\nMời quý khách ấn mã số tương ứng để cùng lắng nghe những câu chuyện về cụ Hoàng Xuân Đường – ông ngoại chủ tịch Hồ Chí Minh."
      },
      {
      "id":18,
      "audio":"Que_noi_lang_Sen/story/story_18/audio.mp3",
      "images":[],
      "description":"Thưa quý khách,\n\nCụ Hoàng Xuân Đường sinh ra và lớn lên trong một gia đình nho học ở làng Hoàng Trù, xã Chung Cự, tổng Lâm Thịnh, huyện Nam Đàn, tỉnh Nghệ An (nay là xòm Trù 1, xã Kim Liên). Sinh trưởng trong một gia đình có nề nếp gia phong, thuở nhỏ cụ Hoàng Xuân Đường chịu ảnh hưởng truyền thống quê hương, lại được tôi luyện trong cái nôi Hán học ở mảnh đất Kim Liên vì vậy mà tuy chưa từng có học vị cao nhưng cụ vẫn được nhân dân suy tôn là cụ Tú đường. Nhân dân gần xa đều gửi gắm con em tới nhà cụ để được học con chữ, được dạy dỗ điều hay lẽ phải, mong sau này đỗ đạt thành tài. Cuộc đời cụ Hoàng Xuân Đường đã đi vào lịch sử với niềm tự hào là người có công phát hiện, ươm trồng tài năng cho ông Nguyễn Sinh Sắc – thân sinh của Bác Hồ.\n\nNhớ năm đó, khi ông Nguyễn Sinh Sắc đên tuổi trưởng thành, cô Hoàng Thị Loan – con gái đầu của cụ cũng đã lớn và ngày càng có tình cảm với cậu con trai thông minh và tốt nết ấy. Trước tình cảm của 2 con, cụ và người vợ của mình là cụ Nguyễn Thị Kép đã vượt lên lễ giáo phong kiến mà xe duyên cho mối tình cao đẹp của đôi trẻ, để rồi từ mối tơ duyên đẹp đẽ đó đã sinh cho đất nước những người vĩ đại, trong đó có Bác Hồ của chúng ta.\n\nCụ Hoàng Đường qua đời ngày 7/4 năm Quý Tị (tức 1893). Dẫu rằng chỉ được sống cùng ông ngoại 3 năm ngắn ngủi, nhưng trong những năm tháng đầu đời quan trọng ấy, qua những câu chuyện giản dị, những lời khuyên mộc mạc, những câu hò Vĩ Dặm... mà ông đã đọc, đã hát cho cậu bé Nguyễn Sinh Cung nghe, tuy chưa hiểu hết một cách trọn vẹn, song cũng đã có tác động lớn đối với việc hình thành nên nhân cách của cậu. Ông ngoại, bà ngoại, dì An và đặc biệt gần gũi nhất là người mẹ kính yêu đã thổi vào tâm hồn cậu bé Nguyễn Sinh Cung tình thương yêu con người, lòng nhân hậu bao la. Sau này, khi chứng kiến những nỗi đau của bà con nhân dân, của dân tộc, tâm hồn ấy lớn dần theo năm tháng, để rồi thôi thúc chàng thanh niên Nguyễn Tất Thành quyết chí tìm đường cứu nước, cứu dân, thôi thúc Nguyễn Ái Quốc - Hồ Chí Minh lãnh đạo nhân dân giải phóng dân tộc, thống nhất đất nước.\n\nThưa quý khách, trong số các cuốn sách viết về gia đình chủ tịch Hồ Chí Minh, có thể thấy tư liệu về cụ Nguyễn Thị Kép – bà ngoại của Người rất ít. Tuy nhiên chúng ta vẫn có thể cảm nhận rất rõ tình cảm của cụ dành cho người cháu ngoại thông minh, ngoan ngoãn và lúc nào cũng thảo hiền với ngoại. Tiếp sau đây, mời quý khách lắng nghe đôi nét về người bà kính yêu của chủ tịch Hồ Chí Minh – cụ Nguyễn Thị Kép.\n\nThưa quý khách,\n\nCụ Hoàng Xuân Đường sinh ra và lớn lên trong một gia đình nho học ở làng Hoàng Trù, xã Chung Cự, tổng Lâm Thịnh, huyện Nam Đàn, tỉnh Nghệ An (nay là xòm Trù 1, xã Kim Liên). Sinh trưởng trong một gia đình có nề nếp gia phong, thuở nhỏ cụ Hoàng Xuân Đường chịu ảnh hưởng truyền thống quê hương, lại được tôi luyện trong cái nôi Hán học ở mảnh đất Kim Liên vì vậy mà tuy chưa từng có học vị cao nhưng cụ vẫn được nhân dân suy tôn là cụ Tú đường. Nhân dân gần xa đều gửi gắm con em tới nhà cụ để được học con chữ, được dạy dỗ điều hay lẽ phải, mong sau này đỗ đạt thành tài. Cuộc đời cụ Hoàng Xuân Đường đã đi vào lịch sử với niềm tự hào là người có công phát hiện, ươm trồng tài năng cho ông Nguyễn Sinh Sắc – thân sinh của Bác Hồ.\n\nNhớ năm đó, khi ông Nguyễn Sinh Sắc đên tuổi trưởng thành, cô Hoàng Thị Loan – con gái đầu của cụ cũng đã lớn và ngày càng có tình cảm với cậu con trai thông minh và tốt nết ấy. Trước tình cảm của 2 con, cụ và người vợ của mình là cụ Nguyễn Thị Kép đã vượt lên lễ giáo phong kiến mà xe duyên cho mối tình cao đẹp của đôi trẻ, để rồi từ mối tơ duyên đẹp đẽ đó đã sinh cho đất nước những người vĩ đại, trong đó có Bác Hồ của chúng ta.\n\nCụ Hoàng Đường qua đời ngày 7/4 năm Quý Tị (tức 1893). Dẫu rằng chỉ được sống cùng ông ngoại 3 năm ngắn ngủi, nhưng trong những năm tháng đầu đời quan trọng ấy, qua những câu chuyện giản dị, những lời khuyên mộc mạc, những câu hò Vĩ Dặm... mà ông đã đọc, đã hát cho cậu bé Nguyễn Sinh Cung nghe, tuy chưa hiểu hết một cách trọn vẹn, song cũng đã có tác động lớn đối với việc hình thành nên nhân cách của cậu. Ông ngoại, bà ngoại, dì An và đặc biệt gần gũi nhất là người mẹ kính yêu đã thổi vào tâm hồn cậu bé Nguyễn Sinh Cung tình thương yêu con người, lòng nhân hậu bao la. Sau này, khi chứng kiến những nỗi đau của bà con nhân dân, của dân tộc, tâm hồn ấy lớn dần theo năm tháng, để rồi thôi thúc chàng thanh niên Nguyễn Tất Thành quyết chí tìm đường cứu nước, cứu dân, thôi thúc Nguyễn Ái Quốc - Hồ Chí Minh lãnh đạo nhân dân giải phóng dân tộc, thống nhất đất nước.\n\nThưa quý khách, trong số các cuốn sách viết về gia đình chủ tịch Hồ Chí Minh, có thể thấy tư liệu về cụ Nguyễn Thị Kép – bà ngoại của Người rất ít. Tuy nhiên chúng ta vẫn có thể cảm nhận rất rõ tình cảm của cụ dành cho người cháu ngoại thông minh, ngoan ngoãn và lúc nào cũng thảo hiền với ngoại. Tiếp sau đây, mời quý khách lắng nghe đôi nét về người bà kính yêu của chủ tịch Hồ Chí Minh – cụ Nguyễn Thị Kép."
      },
      {
      "id":19,
      "audio":"Que_noi_lang_Sen/story/story_19/audio.mp3",
      "images":[
         "Que_noi_lang_Sen/story/story_19/images/image_1.png"
      ],
      "description":"Thưa quý khách, quý khách đang đi trên con đường dẫn vào cụm di tích quê Ngoại – làng Hoàng Trù.\n\nĐắm mình trong không gian xanh mát, tĩnh lặng, yên lành, thấp thoáng sau lũy tre xanh cụm di tích làng Chùa nằm trong một khu vườn rộng 7 sào Trung Bộ (3500m2) thuộc xã Kim Liên, huyện Nam Đàn của tỉnh Nghệ An. Tại đây có 3 ngôi nhà: ngôi nhà tranh 5 gian là ngôi nhà cụ Hoàng Xuân Đường và cụ Nguyễn Thị Kép – ông bà ngoại của chủ tịch Hồ Chí Minh, ngôi nhà thờ chi nhánh dòng họ Hoàng Xuân và ngôi nhà tranh 3 gian phía Tây vườn - nơi chủ tịch Hồ Chí Minh cất tiếng khóc chào đời. Ngoài ra, còn có 3 căn nhà của các hộ láng giềng thân cận. Ngăn cách giữa các nhà là hàng dâm bụt được cắt tỉa gọn gàng như ôm lấy ngôi nhà tranh bé nhỏ nhưng vẫn chừa những lối nhỏ thông giữa các nhà. Nhân dân làng Chùa xưa tuy cuộc sống khó khăn, vất vả là vậy nhưng giữa họ vẫn luôn ấm áp tình làng nghĩa xóm, luôn quan tâm và giúp đỡ lẫn nhau. Tất cả vẫn giữ nguyên nét giản dị, mộc mạc như cảnh làng quê Việt Nam những năm cuối thế kỷ XIX. Cụm di tích Hoàng Trù, ngôi nhà nhỏ ba gian là nơi cất tiếng khóc chào đời của Chủ tịch Hồ Chí Minh - nơi đã gắn bó những năm tháng tuổi thơ đẹp đẽ và cũng đầy gian khó, nhọc nhằn của Người cùng ông bà, cha mẹ, các anh chị em. Cũng chính nơi đây Người đã nhận được tình yêu thương của những người thân, của quê hương; được chứng kiến sự dạy dỗ tận tình của ông ngoại với cha mình. Những giá trị tinh thần ấy là khởi nguồn cho một khát vọng lớn lao; để cậu bé Nguyễn Sinh Cung trở thành Chủ tịch Hồ Chí Minh vĩ đại, anh hùng giải phóng dân tộc, nhà văn hoá của đất nước Việt Nam\n\nSau đây, xin mời quý khách di chuyển tới điểm tham quan đầu tiên trong chuyến trải nghiệm thăm “làng Chùa quê mẹ” – hộ láng giềng nhà ông Hoàng Xuân Thục\n\nThưa quý khách, quý khách đang đi trên con đường dẫn vào cụm di tích quê Ngoại – làng Hoàng Trù.\n\nĐắm mình trong không gian xanh mát, tĩnh lặng, yên lành, thấp thoáng sau lũy tre xanh cụm di tích làng Chùa nằm trong một khu vườn rộng 7 sào Trung Bộ (3500m2) thuộc xã Kim Liên, huyện Nam Đàn của tỉnh Nghệ An. Tại đây có 3 ngôi nhà: ngôi nhà tranh 5 gian là ngôi nhà cụ Hoàng Xuân Đường và cụ Nguyễn Thị Kép – ông bà ngoại của chủ tịch Hồ Chí Minh, ngôi nhà thờ chi nhánh dòng họ Hoàng Xuân và ngôi nhà tranh 3 gian phía Tây vườn - nơi chủ tịch Hồ Chí Minh cất tiếng khóc chào đời. Ngoài ra, còn có 3 căn nhà của các hộ láng giềng thân cận. Ngăn cách giữa các nhà là hàng dâm bụt được cắt tỉa gọn gàng như ôm lấy ngôi nhà tranh bé nhỏ nhưng vẫn chừa những lối nhỏ thông giữa các nhà. Nhân dân làng Chùa xưa tuy cuộc sống khó khăn, vất vả là vậy nhưng giữa họ vẫn luôn ấm áp tình làng nghĩa xóm, luôn quan tâm và giúp đỡ lẫn nhau. Tất cả vẫn giữ nguyên nét giản dị, mộc mạc như cảnh làng quê Việt Nam những năm cuối thế kỷ XIX. Cụm di tích Hoàng Trù, ngôi nhà nhỏ ba gian là nơi cất tiếng khóc chào đời của Chủ tịch Hồ Chí Minh - nơi đã gắn bó những năm tháng tuổi thơ đẹp đẽ và cũng đầy gian khó, nhọc nhằn của Người cùng ông bà, cha mẹ, các anh chị em. Cũng chính nơi đây Người đã nhận được tình yêu thương của những người thân, của quê hương; được chứng kiến sự dạy dỗ tận tình của ông ngoại với cha mình. Những giá trị tinh thần ấy là khởi nguồn cho một khát vọng lớn lao; để cậu bé Nguyễn Sinh Cung trở thành Chủ tịch Hồ Chí Minh vĩ đại, anh hùng giải phóng dân tộc, nhà văn hoá của đất nước Việt Nam\n\nSau đây, xin mời quý khách di chuyển tới điểm tham quan đầu tiên trong chuyến trải nghiệm thăm “làng Chùa quê mẹ” – hộ láng giềng nhà ông Hoàng Xuân Thục"
      },
      {
      "id":20,
      "audio":"Den_Chung_Son/story/story_20/audio.mp3",
      "images":[
         "Den_Chung_Son/story/story_20/images/image_1.png",
         "Den_Chung_Son/story/story_20/images/image_2.png"
      ],
      "description":"Thưa quý khách, quý khách đang tham quan gia đình ông Hoàng Phan Mỹ, ông là cậu đằng ngoại của Bác Hồ.\n\nÔng sinh năm 1894, sau khi lập gia đình với bà Nguyễn Thị Cọt – người xã Nam Cát, ông bà ra ở riêng năm 1915 tại mảnh đất rộng 1.192m2 mà quý khách đang đứng đây. Hai ông bà sinh hạ được 4 người con, nhưng đáng tiếc sau đó 1 người con trai và 1 người con gái của ông không may qua đời sớm. Cuộc sống gia đình tương đối vất vả, căn nhà tranh 3 gian mộc mạc, đơn sơ. Những năm cuối đời ông bán nhà xuống ở với người con gái út xã Nam Giang.\n\nXin mời quý khách tiếp tục tham quan gia đình ông Hoàng Phan Quỳnh cũng là một trong những hộ láng giềng thân thiết với gia đình cụ Hoàng Xuân Đường.\n\nThưa quý khách, quý khách đang tham quan gia đình ông Hoàng Phan Mỹ, ông là cậu đằng ngoại của Bác Hồ.\n\nÔng sinh năm 1894, sau khi lập gia đình với bà Nguyễn Thị Cọt – người xã Nam Cát, ông bà ra ở riêng năm 1915 tại mảnh đất rộng 1.192m2 mà quý khách đang đứng đây. Hai ông bà sinh hạ được 4 người con, nhưng đáng tiếc sau đó 1 người con trai và 1 người con gái của ông không may qua đời sớm. Cuộc sống gia đình tương đối vất vả, căn nhà tranh 3 gian mộc mạc, đơn sơ. Những năm cuối đời ông bán nhà xuống ở với người con gái út xã Nam Giang.\n\nXin mời quý khách tiếp tục tham quan gia đình ông Hoàng Phan Quỳnh cũng là một trong những hộ láng giềng thân thiết với gia đình cụ Hoàng Xuân Đường.\n\nThưa quý khách, quý khách đang tham quan gia đình ông Hoàng Phan Mỹ, ông là cậu đằng ngoại của Bác Hồ.\n\nÔng sinh năm 1894, sau khi lập gia đình với bà Nguyễn Thị Cọt – người xã Nam Cát, ông bà ra ở riêng năm 1915 tại mảnh đất rộng 1.192m2 mà quý khách đang đứng đây. Hai ông bà sinh hạ được 4 người con, nhưng đáng tiếc sau đó 1 người con trai và 1 người con gái của ông không may qua đời sớm. Cuộc sống gia đình tương đối vất vả, căn nhà tranh 3 gian mộc mạc, đơn sơ. Những năm cuối đời ông bán nhà xuống ở với người con gái út xã Nam Giang.\n\nXin mời quý khách tiếp tục tham quan gia đình ông Hoàng Phan Quỳnh cũng là một trong những hộ láng giềng thân thiết với gia đình cụ Hoàng Xuân Đường."
      },
      {
      "id":21,
      "audio":"Den_Chung_Son/story/story_21/audio.mp3",
      "images":[],
      "description":"Thưa quý khách!\n\nKhác với đa số hộ gia đình khác trong làng, gia đình ông Hoang Phan Quỳnh thuộc diện giàu có trong làng. Ngôi nhà ông sống không phải ngôi nhà tranh 3 gian đơn sơ mà là nhà ngói lớn với kiến trúc kiểu tứ trụ có chạm khắc rất đẹp và ngôi nhà ngang 3 gian. Toàn bộ nằm trong diện tích 1.818 m2. Ông Hoàng Phan Quỳnh sinh năm 1851 mất năm 1902 thuộc đời thứ 15 của dòng họ Hoàng. Ông lấy vợ tên là Phan Thị Nhân, người làng Hữu Biệt, xã Nam Giang và sinh được 1 người con gái nhứng không may mất từ lúc còn nhỏ, sau đó vợ ông cũng qua đời. Ông Quỳnh lấy vợ thứ 2 là Phan Thị Dy và sinh được 7 người con gồm 4 trai, 3 gái. Ông Hoàng Phan Quỳnh là anh em thúc bá với ông Hoàng Xuân Đường (ông ngoại của Bác Hồ). Hai gia đình có mối quan hệ vô cùng khăng khít. Không chỉ thuở nhỏ hai chị em bà Hoàng Thị Loan (thân mẫu Bác Hồ) cùng với em gái là bà Hoàng Thị An (dì ruột của Bác Hồ) thường sang chơi với các con của cụ Quỳnh. Mà cho tới khi trở thành Chủ tịch nước, Bác Hồ vẫn vô cùng thân thiết và kính trọng những người họ hàng quê ngoại, điều này được thể hiện rất rõ qua bức thư Người gửi cho cậu Hoàng Xuân Kính (con trai cả của cụ Hoàng Phan Quỳnh) năm 1949 đang treo tại nhà chi họ Hoàng Xuân.\n\nSau đây xin mời quý khách tham quan phần chính của cụm di tích làng Chùa: cụm 3 ngôi nhà: ngôi nhà của cụ Hoàng Xuân Đường, sau là nhà thờ chi họ Hoàng Xuân, và đặc biệt là ngôi nhà tranh 3 gian nơi Bác Hồ muôn vàn kính yêu của chúng ta cất tiếng khóc chào đời."
      },
      {
      "id":22,
      "audio":"Den_Chung_Son/story/story_22/audio.mp3",
      "images":[
         "Den_Chung_Son/story/story_22/images/image_1.png"
      ],
      "description":"Thưa quý khách!\n\nKhác với đa số hộ gia đình khác trong làng, gia đình ông Hoang Phan Quỳnh thuộc diện giàu có trong làng. Ngôi nhà ông sống không phải ngôi nhà tranh 3 gian đơn sơ mà là nhà ngói lớn với kiến trúc kiểu tứ trụ có chạm khắc rất đẹp và ngôi nhà ngang 3 gian. Toàn bộ nằm trong diện tích 1.818 m2. Ông Hoàng Phan Quỳnh sinh năm 1851 mất năm 1902 thuộc đời thứ 15 của dòng họ Hoàng. Ông lấy vợ tên là Phan Thị Nhân, người làng Hữu Biệt, xã Nam Giang và sinh được 1 người con gái nhứng không may mất từ lúc còn nhỏ, sau đó vợ ông cũng qua đời. Ông Quỳnh lấy vợ thứ 2 là Phan Thị Dy và sinh được 7 người con gồm 4 trai, 3 gái. Ông Hoàng Phan Quỳnh là anh em thúc bá với ông Hoàng Xuân Đường (ông ngoại của Bác Hồ). Hai gia đình có mối quan hệ vô cùng khăng khít. Không chỉ thuở nhỏ hai chị em bà Hoàng Thị Loan (thân mẫu Bác Hồ) cùng với em gái là bà Hoàng Thị An (dì ruột của Bác Hồ) thường sang chơi với các con của cụ Quỳnh. Mà cho tới khi trở thành Chủ tịch nước, Bác Hồ vẫn vô cùng thân thiết và kính trọng những người họ hàng quê ngoại, điều này được thể hiện rất rõ qua bức thư Người gửi cho cậu Hoàng Xuân Kính (con trai cả của cụ Hoàng Phan Quỳnh) năm 1949 đang treo tại nhà chi họ Hoàng Xuân.\n\nSau đây xin mời quý khách tham quan phần chính của cụm di tích làng Chùa: cụm 3 ngôi nhà: ngôi nhà của cụ Hoàng Xuân Đường, sau là nhà thờ chi họ Hoàng Xuân, và đặc biệt là ngôi nhà tranh 3 gian nơi Bác Hồ muôn vàn kính yêu của chúng ta cất tiếng khóc chào đời."
      },
      {
      "id":23,
      "audio":"Den_Chung_Son/story/story_23/audio.mp3",
      "images":[
         "Den_Chung_Son/story/story_22/images/image_1.png"
      ],
      "description":"Thưa quý khách!\n\nKhác với đa số hộ gia đình khác trong làng, gia đình ông Hoang Phan Quỳnh thuộc diện giàu có trong làng. Ngôi nhà ông sống không phải ngôi nhà tranh 3 gian đơn sơ mà là nhà ngói lớn với kiến trúc kiểu tứ trụ có chạm khắc rất đẹp và ngôi nhà ngang 3 gian. Toàn bộ nằm trong diện tích 1.818 m2. Ông Hoàng Phan Quỳnh sinh năm 1851 mất năm 1902 thuộc đời thứ 15 của dòng họ Hoàng. Ông lấy vợ tên là Phan Thị Nhân, người làng Hữu Biệt, xã Nam Giang và sinh được 1 người con gái nhứng không may mất từ lúc còn nhỏ, sau đó vợ ông cũng qua đời. Ông Quỳnh lấy vợ thứ 2 là Phan Thị Dy và sinh được 7 người con gồm 4 trai, 3 gái. Ông Hoàng Phan Quỳnh là anh em thúc bá với ông Hoàng Xuân Đường (ông ngoại của Bác Hồ). Hai gia đình có mối quan hệ vô cùng khăng khít. Không chỉ thuở nhỏ hai chị em bà Hoàng Thị Loan (thân mẫu Bác Hồ) cùng với em gái là bà Hoàng Thị An (dì ruột của Bác Hồ) thường sang chơi với các con của cụ Quỳnh. Mà cho tới khi trở thành Chủ tịch nước, Bác Hồ vẫn vô cùng thân thiết và kính trọng những người họ hàng quê ngoại, điều này được thể hiện rất rõ qua bức thư Người gửi cho cậu Hoàng Xuân Kính (con trai cả của cụ Hoàng Phan Quỳnh) năm 1949 đang treo tại nhà chi họ Hoàng Xuân.\n\nSau đây xin mời quý khách tham quan phần chính của cụm di tích làng Chùa: cụm 3 ngôi nhà: ngôi nhà của cụ Hoàng Xuân Đường, sau là nhà thờ chi họ Hoàng Xuân, và đặc biệt là ngôi nhà tranh 3 gian nơi Bác Hồ muôn vàn kính yêu của chúng ta cất tiếng khóc chào đời.\n\nThưa quý khách!\n\nKhác với đa số hộ gia đình khác trong làng, gia đình ông Hoang Phan Quỳnh thuộc diện giàu có trong làng. Ngôi nhà ông sống không phải ngôi nhà tranh 3 gian đơn sơ mà là nhà ngói lớn với kiến trúc kiểu tứ trụ có chạm khắc rất đẹp và ngôi nhà ngang 3 gian. Toàn bộ nằm trong diện tích 1.818 m2. Ông Hoàng Phan Quỳnh sinh năm 1851 mất năm 1902 thuộc đời thứ 15 của dòng họ Hoàng. Ông lấy vợ tên là Phan Thị Nhân, người làng Hữu Biệt, xã Nam Giang và sinh được 1 người con gái nhứng không may mất từ lúc còn nhỏ, sau đó vợ ông cũng qua đời. Ông Quỳnh lấy vợ thứ 2 là Phan Thị Dy và sinh được 7 người con gồm 4 trai, 3 gái. Ông Hoàng Phan Quỳnh là anh em thúc bá với ông Hoàng Xuân Đường (ông ngoại của Bác Hồ). Hai gia đình có mối quan hệ vô cùng khăng khít. Không chỉ thuở nhỏ hai chị em bà Hoàng Thị Loan (thân mẫu Bác Hồ) cùng với em gái là bà Hoàng Thị An (dì ruột của Bác Hồ) thường sang chơi với các con của cụ Quỳnh. Mà cho tới khi trở thành Chủ tịch nước, Bác Hồ vẫn vô cùng thân thiết và kính trọng những người họ hàng quê ngoại, điều này được thể hiện rất rõ qua bức thư Người gửi cho cậu Hoàng Xuân Kính (con trai cả của cụ Hoàng Phan Quỳnh) năm 1949 đang treo tại nhà chi họ Hoàng Xuân.\n\nSau đây xin mời quý khách tham quan phần chính của cụm di tích làng Chùa: cụm 3 ngôi nhà: ngôi nhà của cụ Hoàng Xuân Đường, sau là nhà thờ chi họ Hoàng Xuân, và đặc biệt là ngôi nhà tranh 3 gian nơi Bác Hồ muôn vàn kính yêu của chúng ta cất tiếng khóc chào đời."
      },
      {
      "id":24,
      "audio":"Den_Chung_Son/story/story_24/audio.mp3",
      "images":[],
      "description":"Thưa quý khách!\n\nTrước mắt quý khách là ngôi nhà tranh 5 gian – nơi ông bà ngoại Bác là cụ Hoàng Xuân Đường (người ta còn gọi cụ là cụ Hoàng Đường) và cụ Nguyễn Thị Kép cùng nhau sinh sống và vun đắp hạnh phúc. Cũng là nơi thân mẫu của Người – bà Hoàng Thị Loan sinh ra, gặp gỡ và nên duyên cùng thân sinh của người là ông Nguyễn Sinh Sắc. Ngôi nhà gồm 5 gian: 3 gian ngoài dùng làm gian dạy học và nghỉ của ngơi cụ Hoàng Đường, 2 gian trong là nơi sinh hoạt của gia đình.\n\nBộ phản gỗ gian thứ nhất là nơi cụ Hoàng Đường dạy học, học trò của cụ chủ yếu là con em nhân dân lao động trong vùng. Gian thứ hai bày 2 chiếc án thư, một bộ tràng kỷ bằng tre. Án thư phía ngoài có đặt nghiên mực và hộp bút lông là nơi ra bài và chấm bài của cụ Hoàng Đường. Án thư phía trong có bộ ấm chén uống trà và nậm rượu là nơi tiếp khách của gia đình. Tại đây, các cụ đã uống trà bình thơ văn và đàm đạo về thời cuộc. Bộ phản thứ 3 là nơi nghỉ của cụ Hoàng Đường.\n\nGian thứ 4 là căn buồng có đặt 1 chiếc giường nhỏ là nơi nghỉ của cụ Nguyễn Thị Kép. Tại đây cụ Nguyễn Thị Kép đã sinh 2 người con gái: người con gái đầu lòng là Hoàng Thị Loan sinh năm 1868, là thân mẫu của chủ tịch HCM; người con thứ 2 là Hoàng Thị An, sinh năm 1877 là dì của chủ tịch HCM sau này. Gian thứ 5 phía ngoài có đặt một chiếc giường nhỏ là nơi nghỉ của 2 cô con gái. Phía trong có chiếc khung cửi dệt vải, ở khoảng giữa tiếp giáp 2 gian là chiếc tủ đựng đồ dùng của gia đình. Tại đây cụ Nguyễn Thị Kép đã kèm cặp, dạy dỗ 2 cô con gái biết yêu lao động, chăm chỉ trong công việc đồng áng, khéo léo trong nghề xe tơ, dệt lụa, cụ còn truyền lại cho các con vốn kiến thức văn hóa dân gian\n\nThưa quý khách, cụ Hoàng Đường – ông ngoại của Bác Hồ chúng ta tuy xuất thân là một nhà nho khả giả, nhưng cụ cuộc sống của cụ vô cùng mộc mạc, giản dị. Ngôi nhà tranh chỉ là những vật dụng rất đỗi bình dị những bao gia đình làng Chùa khác nhưng lại luôn luôn ấm áp bởi tấm lòng nhân ái và bao dung của cụ. Chính vì lẽ đó, mà 2 cô con gái của ông bà là bà Hoàng Thị Loan (thân mẫu chủ tịch Hồ Chí Minh) và bà Hoàng Thị An đều không chỉ đẹp người, đẹp nết mà còn giàu lòng nhân hậu, vị tha. Cũng chính nhờ tấm lòng thương yêu, dạy dỗ của cụ Hoàng Đường mà thân sinh của Người là cụ Nguyễn Sinh Sắc mới có cơ hội được theo đuổi con đường cử nghiệp.\n\nThưa quý khách, cuộc gặp gỡ giữa cụ Hoàng Đường và cậu bé Nguyễn Sinh Sắc đã làm thay đổi cuộc đời của cậu bé nghèo Nguyễn Sinh Sắc. Cũng chính là khởi đầu cho mối lương duyên đẹp đẽ giữa cha và mẹ Người. Tiếp sau đây mời quý khách nhấn mã số tương ứng và lắng nghe câu chuyện về cuộc gặp gỡ định mệnh giữa ông ngoại và thân sinh của Người.\n\nThưa quý khách,\n\nVào dịp đầu xuân Mậu Dần (1878) cụ Hoàng Đường khi trên đường đi chúc Tết tại làng Sen, cách Hoàng Trù khoảng 2 km, thấy 1 cậu bé đang chăn trâu mà mải mê đọc sách. Cảnh tượng này làm cho cụ Hoàng Đường vô cùng xúc động. Tìm hiểu gia cảnh, cụ Hoàng Đường biết rằng Nguyễn Sinh Sắc là con của ông Nguyễn Sinh Nhậm và bà Hà Thị Hy ở làng Sen, nhưng lên 4 tuổi cậu Nguyễn Sinh Sắc đã mô côi cả cha lẫn mẹ sống với người anh cùng cha khác mẹ là ông Nguyễn Sinh Thuyết. Từ nhỏ Nguyễn Sinh Sắc là cậu bé thông minh, ham học nhưng do điều kiện, hoàn cảnh của gia đình nên không được đến trường. Thương cảm trước cảnh ngộ đó, cụ Hoàng Đường đã bàn với vợ đón Nguyễn Sinh Sắc về nhà mình nuôi ăn học. Tại đây, Nguyễn Sinh Sắc được sống trong tình yêu thương và sự dạy dỗ của gia đình của cụ Hoàng Đường. Đây là bước ngoặt trong cuộc đời của ông. Sau những năm tháng học tập, Nguyễn Sinh Sắc đã tiếp thu những kiến thức cơ bản về Hán, có thể đàm đạo thơ văn với lứa học trò lớp trước.\n\nNhờ công lao chăm sóc, dạy dỗ của gia đình cụ Hoàng Đường, cậu bé Nguyễn Sinh Sắc năm nào đã khôn lớn, không chỉ thông minh mà còn chăm chỉ, hiền lành. Nguyễn Sinh Sắc ngày đêm ôn luyện, dùi mài kinh sử, mong một ngày đỗ đạt thành tài để báo đáp công ơn trời bể của người thầy, người cha đã cưu mang mình.Và cũng thật thiếu sót nếu một lần tới thăm làng Chùa mà không cùng tìm hiểu về cụ Hoàng Xuân Đường – người đã ươm trồng cho tài năng của ông Nguyễn Sinh Sắc – thân sinh chủ tịch Hồ Chí Minh.\n\nMời quý khách ấn mã số tương ứng để cùng lắng nghe những câu chuyện về cụ Hoàng Xuân Đường – ông ngoại chủ tịch Hồ Chí Minh."
      }
   ]
}