{
    "homePage": {
        "background": "background_home.png"
    },
    "locationKimLien": {
        "lat": 18.6742051,
        "lng": 105.5524059
    },
    "duration": 86400,
    "giaVe": "100.000 VND",
    "themes": [
        {
            "id": "1",
            "imageUrl": "/trưoc_khi_mua/chu_de_1/thumb.png",
            "numberOfStory": 20,
            "title": "Chủ đề 1",
            "totalTime": 12000,
            "story": [
                {
                    "id": 1,
                    "index": 1,
                    "title": "Câu chuyện 1",
                    "thumb": "/trưoc_khi_mua/chu_de_1/story/story_1_thumb.png"
                },
                {
                    "id": 2,
                    "index": 2,
                    "title": "Câu chuyện 2",
                    "thumb": "/trưoc_khi_mua/chu_de_1/story/story_2_thumb.png"
                }
            ]
        }
    ]
}