{
    "version": 4,

    "homePage": {
        "background": "story_1_thumb.png"
    },
    "locationKimLien": {
        "lat": 18.6742051,
        "lng": 105.5524059
    },
    "duration": 86400,
    "giaVe": "100.000 VND",
    "themes": [
        {
            "id": "1",
            "imageUrl": "Que_noi_lang_Sen/thumb.png",
            "numberOfStory": 20,
            "title": "Chủ đề 1",
            "totalTime": 12000,
            "story": [
                {
                    "id": 1,
                    "index": 1,
                    "title": "Câu chuyện 1",
                    "thumb": "Que_noi_lang_Sen/story/story_1_thumb.png"
                },
                {
                    "id": 2,
                    "index": 2,
                    "title": "Câu chuyện 2",
                    "thumb": "Que_noi_lang_Sen/story/story_2_thumb.png"
                }
            ]
        }
    ]
}