{
   "version":23,
   "homePage":{
      "background":"bg_home.png"
   },
   "locationKimLien":{
      "lat":18.6742051,
      "lng":105.5524059
   },
   "duration":3600,
   "giaVe":"50,000 VND",
   "themes":[
      {
         "id":1,
         "imageUrl":"Que_ngoai_Hoang_Tru/thumb.jpg",
         "numberOfStory":10,
         "title":"Hoang Tru's Hometown",
         "totalTime":1800,
         "story":[
            {
               "id":1,
               "index":"1",
               "duration":150,
               "title":"General introduction of The Kim Lien Relics",
               "thumb":"Que_ngoai_Hoang_Tru/story/story_1_thumb.jpg",
               "lat":18.676834, 
               "lng":105.569064
            },
            {
               "id":2,
               "index":"2",
               "duration":180,
               "title":"General introduction about hometown",
               "thumb":"Que_ngoai_Hoang_Tru/story/story_2_thumb.jpg",
               "lat":18.676600,
               "lng":105.568967
            },
            {
               "id":3,
               "index":"3",
               "duration":120,
               "title":"Introducing the souvenir area",
               "thumb":"Que_ngoai_Hoang_Tru/story/story_3_thumb.jpg",
               "lat":18.676483,
               "lng":105.568762
            },
            {
               "id":4,
               "index":"4",
               "duration":140,
               "title":"General introduction of the cluster of hometown relics",
               "thumb":"Que_ngoai_Hoang_Tru/story/story_4_thumb.jpg",
               "lat":18.676350,
               "lng":105.568507
            },
            {
               "id":5,
               "index":"5",
               "duration":158,
               "title":"Neighboring household 1: Mr. Hoang Xuan Thuc's household",
               "thumb":"Que_ngoai_Hoang_Tru/story/story_5_thumb.jpg",
               "lat":18.676259,
               "lng":105.568264
            },
            {
               "id":6,
               "index":"6",
               "duration":192,
               "title":"Mr. Hoang Phan My's neighbor",
               "thumb":"Que_ngoai_Hoang_Tru/story/story_6_thumb.jpg",
               "lat":18.676223,
               "lng":105.567894
            },
            {
               "id":7,
               "index":"7",
               "duration":164,
               "title":"Neighboring household Mr. Hoang Phan Quynh",
               "thumb":"Que_ngoai_Hoang_Tru/story/story_7_thumb.jpg",
               "lat":18.676520,
               "lng":105.567865
            },
            {
               "id":8,
               "index":"8",
               "duration":213,
               "title":"The house of Mr. Hoang Xuan Duong",
               "thumb":"Que_ngoai_Hoang_Tru/story/story_8_thumb.jpg",
               "lat":18.676647,
               "lng":105.568005
            },
            {
               "id":9,
               "index":"9",
               "duration":298,
               "title":"The meeting between Mr. Hoang Duong and Mr. Nguyen Sinh Sac",
               "thumb":"Que_ngoai_Hoang_Tru/story/story_9_thumb.jpg",
               "lat":18.676726,
               "lng":105.568194
            },
            {
               "id":10,
               "index":"10",
               "duration":325,
               "title":"Biography of Hoang Xuan Duong",
               "thumb":"Que_ngoai_Hoang_Tru/story/story_10_thumb.jpg",
               "lat":18.676841,
               "lng":105.568452
            }
         ]
      },
      {
         "id":2,
         "imageUrl":"Khu_mo_ba_Hoang_Thi_Loan/thumb.jpg",
         "numberOfStory":5,
         "title":"The tomb of Mrs. Hoang Thi Loan",
         "totalTime":900,
         "story":[
            {
               "id":11,
               "index":"11",
               "duration":329,
               "title":"About Ms. Hoang Thi Loan",
               "thumb":"Khu_mo_ba_Hoang_Thi_Loan/story/story_1_thumb.png",
               "lat":18.707139, 
               "lng":105.584476
            },
            {
               "id":12,
               "index":"12",
               "duration":637,
               "title":"The three-way crossroad turns into Youth Road leading to Kim Lien Nghe An historical site",
               "thumb":"Khu_mo_ba_Hoang_Thi_Loan/story/story_2_thumb.png",
               "lat":18.706692,
               "lng":105.583231
            },
            {
               "id":13,
               "index":"13",
               "duration":567,
               "title":"The stairs begin to go up to the grave",
               "thumb":"Khu_mo_ba_Hoang_Thi_Loan/story/story_3_thumb.png",
               "lat":18.706838,
               "lng":105.586618
            },
            {
               "id":14,
               "index":"14",
               "duration":235,
               "title":"The traditional house",
               "thumb":"Khu_mo_ba_Hoang_Thi_Loan/story/story_4_thumb.png",
               "lat":18.710398,
               "lng":105.582633
            },
            {
               "id":15,
               "index":"15",
               "duration":367,
               "title":"The stairs begin to go up to the grave",
               "thumb":"Khu_mo_ba_Hoang_Thi_Loan/story/story_5_thumb.png",
               "lat":18.708247,
               "lng":105.580617
            }
         ]
      },
      {
         "id":3,
         "imageUrl":"Que_noi_lang_Sen/thumb.jpg",
         "numberOfStory":4,
         "title":"Lang Sen's hometown",
         "totalTime":450,
         "story":[
            {
               "id":16,
               "index":"16",
               "duration":234,
               "title":"Gieng Coc",
               "thumb":"Que_noi_lang_Sen/story/story_1_thumb.png",
               "lat":18.674170,
               "lng":105.554152
            },
            {
               "id":17,
               "index":"17",
               "duration":523,
               "title":"The house of Vice President Nguyen Sinh Sac",
               "thumb":"Que_noi_lang_Sen/story/story_2_thumb.png",
               "lat":18.673626,
               "lng":105.554139              
            },
            {
               "id":18,
               "index":"18",
               "duration":253,
               "title":"The artifacts Reflection plate",
               "thumb":"Que_noi_lang_Sen/story/story_3_thumb.png",
               "lat":18.673547,
               "lng":105.554180
            },
            {
               "id":19,
               "index":"19",
               "duration":322,
               "title":"The inner space",
               "thumb":"Que_noi_lang_Sen/story/story_4_thumb.png",
               "lat":18.674026,
               "lng":105.554637
            }
         ]
      },
      {
         "id":4,
         "imageUrl":"Den_Chung_Son/thumb.jpg",
         "numberOfStory":5,
         "title":"Chung Son Temple",
         "totalTime":330,
         "story":[
            {
               "id":20,
               "index":"20",
               "duration":234,
               "title":"Vuong Thuc Quy's family",
               "thumb":"Den_Chung_Son/story/story_1_thumb.png",
               "lat":18.663753,
               "lng":105.565945
            },
            {
               "id":21,
               "index":"21",
               "duration":453,
               "title":"Sen village communal house",
               "thumb":"Den_Chung_Son/story/story_2_thumb.png",
               "lat":18.663451,
               "lng":105.566749
            },
            {
               "id":22,
               "index":"22",
               "duration":345,
               "title":"Dat Pagoda",
               "thumb":"Den_Chung_Son/story/story_3_thumb.png",
               "lat":18.662272,
               "lng":105.565747
            },
            {
               "id":23,
               "index":"23",
               "duration":353,
               "title":"Vuong Thuc Quy's family",
               "thumb":"Den_Chung_Son/story/story_4_thumb.png",
               "lat":18.662502,
               "lng":105.564033
            },
            {
               "id":24,
               "index":"24",
               "duration":253,
               "title":"Lao People's Democratic Republic Memorial House",
               "thumb":"Den_Chung_Son/story/story_5_thumb.png",
               "lat":18.663465,
               "lng":105.563380
            }
         ]
      }
   ],
   "introduction":{
      "img":"Que_ngoai_Hoang_Tru/story/story_1_thumb.jpg",
      "business_hours":{
         "title":"Working hours",
         "summer_title":"Summer",
         "summer":"07:00 - 11:30 &\n13:30 - 17:00",
         "winter_title":"Winter",
         "winter":"07:30 - 12:00 &\n13:30 - 17:00"
      },
      "fare":{
         "title":"Ticket price",
         "adult_title":"Adults",
         "adult":"100.000 VND",
         "children_above_12_title":"Children above 1m2",
         "children_above_12":"100.000 VND",
         "children_under_12_title":"Children under 1m2",
         "children_under_12":"Free"
      },
      "contact_info":{
         "title":"Contact Information",
         "phone_title":"Phone number",
         "phone":"02383.825.107",
         "phone_title":"Email",
         "email":"kdtkimlienn@gmail.com",
         "phone_title":"Location",
         "address":"MHF3+MRH, Highway 46, Kim Lien, Nam Dan, Nghe An, Vietnam"
      },
      "introduce":{
         "title":"Introduction",
         "description":"The Kim Lien relic is a monument commemorating President Ho Chi Minh in Kim Lien commune, Nam Dan district, Nghe An province, about 15 km from Vinh city along provincial road 49.\n\nKim historical site Lien is about 15km from Vinh city and about 26km from Cua Lo town center. This is a monument of special national importance, located on an area of ​​205 hectares with many attractions located 2km - 10km apart."
      }
}