{
    "version": 7,

    "homePage": {
        "background": "bg_home.png"
    },
    "locationKimLien": {
        "lat": 18.6742051,
        "lng": 105.5524059
    },
    "duration": 86400,
    "giaVe": "100.000 VND",
    "themes": [
        {
            "id": "1",
            "imageUrl": "Que_noi_lang_Sen/thumb.png",
            "numberOfStory": 20,
            "title": "Quê nội làng Sen",
            "totalTime": 12000,
            "story": [
                {
                    "id": 1,
                    "index": 1,
                    "title": "Câu chuyện 1",
                    "thumb": "Que_noi_lang_Sen/story/story_1_thumb.png"
                },
                {
                    "id": 2,
                    "index": 2,
                    "title": "Câu chuyện 2",
                    "thumb": "Que_noi_lang_Sen/story/story_2_thumb.png"
                }
            ]
        },
        {
            "id": "2",
            "imageUrl": "Que_ngoai_Hoang_Tru/thumb.png",
            "numberOfStory": 20,
            "title": "Quê ngoại Hoàng Trù",
            "totalTime": 12000,
            "story": [
                {
                    "id": 3,
                    "index": 1,
                    "title": "Câu chuyện 1",
                    "thumb": "Que_ngoai_Hoang_Tru/story/story_1_thumb.png"
                },
                {
                    "id": 4,
                    "index": 2,
                    "title": "Câu chuyện 2",
                    "thumb": "Que_ngoai_Hoang_Tru/story/story_2_thumb.png"
                }
            ]
        },
        {
            "id": "3",
            "imageUrl": "Khu_mo_ba_Hoang_Thi_Loan/thumb.png",
            "numberOfStory": 20,
            "title": "Khu mộ bà Hoàng Thị Loan",
            "totalTime": 12000,
            "story": [
                {
                    "id": 5,
                    "index": 1,
                    "title": "Câu chuyện 1",
                    "thumb": "Khu_mo_ba_Hoang_Thi_Loan/story/story_1_thumb.png"
                },
                {
                    "id": 6,
                    "index": 2,
                    "title": "Câu chuyện 2",
                    "thumb": "Khu_mo_ba_Hoang_Thi_Loan/story/story_2_thumb.png"
                },
                {
                    "id": 7,
                    "index": 3,
                    "title": "Câu chuyện 4",
                    "thumb": "Khu_mo_ba_Hoang_Thi_Loan/story/story_3_thumb.png"
                },
                {
                    "id": 8,
                    "index": 4,
                    "title": "Câu chuyện 4",
                    "thumb": "Khu_mo_ba_Hoang_Thi_Loan/story/story_4_thumb.png"
                }

            ]
        }
    ]
}