{
   "version":23,
   "homePage":{
      "background":"bg_home.png"
   },
   "locationKimLien":{
      "lat":18.6742051,
      "lng":105.5524059
   },
   "duration":3600,
   "giaVe":"50,000 VNĐ",
   "themes":[
      {
         "id":1,
         "imageUrl":"Que_ngoai_Hoang_Tru/thumb.jpg",
         "numberOfStory":10,
         "title":"Quê ngoại Hoàng Trù",
         "totalTime":1800,
         "story":[
            {
               "id":1,
               "index":"1",
               "duration":150,
               "title":"Giới thiệu chung KDT Kim Liên",
               "thumb":"Que_ngoai_Hoang_Tru/story/story_1_thumb.jpg",
               "lat":18.676834, 
               "lng":105.569064
            },
            {
               "id":2,
               "index":"2",
               "duration":180,
               "title":"Giới thiệu chung về quê ngoại",
               "thumb":"Que_ngoai_Hoang_Tru/story/story_2_thumb.jpg",
               "lat":18.676600,
               "lng":105.568967
            },
            {
               "id":3,
               "index":"3",
               "duration":120,
               "title":"Giới thiệu khu lưu niệm",
               "thumb":"Que_ngoai_Hoang_Tru/story/story_3_thumb.jpg",
               "lat":18.676483,
               "lng":105.568762
            },
            {
               "id":4,
               "index":"4",
               "duration":140,
               "title":"Giới thiệu chung cụm di tích quê ngoại",
               "thumb":"Que_ngoai_Hoang_Tru/story/story_4_thumb.jpg",
               "lat":18.676350,
               "lng":105.568507
            },
            {
               "id":5,
               "index":"5",
               "duration":158,
               "title":"Hộ láng giềng 1: hộ ông Hoàng Xuân Thục",
               "thumb":"Que_ngoai_Hoang_Tru/story/story_5_thumb.jpg",
               "lat":18.676259,
               "lng":105.568264
            },
            {
               "id":6,
               "index":"6",
               "duration":192,
               "title":"Hộ láng giềng ông Hoàng Phan Mỹ",
               "thumb":"Que_ngoai_Hoang_Tru/story/story_6_thumb.jpg",
               "lat":18.676223,
               "lng":105.567894
            },
            {
               "id":7,
               "index":"7",
               "duration":164,
               "title":"Hộ láng giềng ông Hoàng Phan Quỳnh",
               "thumb":"Que_ngoai_Hoang_Tru/story/story_7_thumb.jpg",
               "lat":18.676520,
               "lng":105.567865
            },
            {
               "id":8,
               "index":"8",
               "duration":213,
               "title":"Ngôi nhà của ông Hoàng Xuân Đường",
               "thumb":"Que_ngoai_Hoang_Tru/story/story_8_thumb.jpg",
               "lat":18.676647,
               "lng":105.568005
            },
            {
               "id":9,
               "index":"9",
               "duration":298,
               "title":"Cuộc gặp gỡ giữa cụ Hoàng Đường và ông Nguyễn Sinh Sắc",
               "thumb":"Que_ngoai_Hoang_Tru/story/story_9_thumb.jpg",
               "lat":18.676726,
               "lng":105.568194
            },
            {
               "id":10,
               "index":"10",
               "duration":325,
               "title":"Tiểu sử cụ Hoàng Xuân Đường",
               "thumb":"Que_ngoai_Hoang_Tru/story/story_10_thumb.jpg",
               "lat":18.676841,
               "lng":105.568452
            }
         ]
      },
      {
         "id":2,
         "imageUrl":"Khu_mo_ba_Hoang_Thi_Loan/thumb.jpg",
         "numberOfStory":5,
         "title":"Khu mộ bà Hoàng Thị Loan",
         "totalTime":900,
         "story":[
            {
               "id":11,
               "index":"11",
               "duration":329,
               "title":"Giới thiệu về bà Hoàng Thị Loan",
               "thumb":"Khu_mo_ba_Hoang_Thi_Loan/story/story_1_thumb.png",
               "lat":18.707139, 
               "lng":105.584476
            },
            {
               "id":12,
               "index":"12",
               "duration":637,
               "title":"Ngã 3 rẽ vào con đường Thanh niên dẫn vào khu di tích lịch sử Kim Liên Nghệ An",
               "thumb":"Khu_mo_ba_Hoang_Thi_Loan/story/story_2_thumb.png",
               "lat":18.706692,
               "lng":105.583231
            },
            {
               "id":13,
               "index":"13",
               "duration":567,
               "title":"Bậc cầu thang bắt đầu đi lên khu mộ",
               "thumb":"Khu_mo_ba_Hoang_Thi_Loan/story/story_3_thumb.png",
               "lat":18.706838,
               "lng":105.586618
            },
            {
               "id":14,
               "index":"14",
               "duration":235,
               "title":"Nhà truyền thống",
               "thumb":"Khu_mo_ba_Hoang_Thi_Loan/story/story_4_thumb.png",
               "lat":18.710398,
               "lng":105.582633
            },
            {
               "id":15,
               "index":"15",
               "duration":367,
               "title":"Bậc cầu thang bắt đầu lăng mộ",
               "thumb":"Khu_mo_ba_Hoang_Thi_Loan/story/story_5_thumb.png",
               "lat":18.708247,
               "lng":105.580617
            }
         ]
      },
      {
         "id":3,
         "imageUrl":"Que_noi_lang_Sen/thumb.jpg",
         "numberOfStory":4,
         "title":"Quê nội làng Sen",
         "totalTime":450,
         "story":[
            {
               "id":16,
               "index":"16",
               "duration":234,
               "title":"Giếng Cốc",
               "thumb":"Que_noi_lang_Sen/story/story_1_thumb.png",
               "lat":18.674170,
               "lng":105.554152
            },
            {
               "id":17,
               "index":"17",
               "duration":523,
               "title":"Nhà cụ Phó bảng Nguyễn Sinh Sắc",
               "thumb":"Que_noi_lang_Sen/story/story_2_thumb.png",
               "lat":18.673626,
               "lng":105.554139              
            },
            {
               "id":18,
               "index":"18",
               "duration":253,
               "title":"Hiện vật Tấm phản",
               "thumb":"Que_noi_lang_Sen/story/story_3_thumb.png",
               "lat":18.673547,
               "lng":105.554180
            },
            {
               "id":19,
               "index":"19",
               "duration":322,
               "title":"Gian nhà trong",
               "thumb":"Que_noi_lang_Sen/story/story_4_thumb.png",
               "lat":18.674026,
               "lng":105.554637
            }
         ]
      },
      {
         "id":4,
         "imageUrl":"Den_Chung_Son/thumb.jpg",
         "numberOfStory":5,
         "title":"Đền Chung Sơn",
         "totalTime":330,
         "story":[
            {
               "id":20,
               "index":"20",
               "duration":234,
               "title":"Đền Chung Sơn",
               "thumb":"Den_Chung_Son/story/story_1_thumb.png",
               "lat":18.663753,
               "lng":105.565945
            },
            {
               "id":21,
               "index":"21",
               "duration":453,
               "title":"Đình làng Sen",
               "thumb":"Den_Chung_Son/story/story_2_thumb.png",
               "lat":18.663451,
               "lng":105.566749
            },
            {
               "id":22,
               "index":"22",
               "duration":345,
               "title":"Chùa Đạt",
               "thumb":"Den_Chung_Son/story/story_3_thumb.png",
               "lat":18.662272,
               "lng":105.565747
            },
            {
               "id":23,
               "index":"23",
               "duration":353,
               "title":"Gia đình cụ Vương Thúc Quý",
               "thumb":"Den_Chung_Son/story/story_4_thumb.png",
               "lat":18.662502,
               "lng":105.564033
            },
            {
               "id":24,
               "index":"24",
               "duration":253,
               "title":"Nhà lưu niệm nước CHDCND Lào tặng",
               "thumb":"Den_Chung_Son/story/story_5_thumb.png",
               "lat":18.663465,
               "lng":105.563380
            }
         ]
      }
   ],
   "introduction":{
      "img":"Que_ngoai_Hoang_Tru/story/story_1_thumb.jpg",
      "business_hours":{
         "title":"Giờ mở cửa",
         "summer_title":"Mùa hè",
         "summer":"07:00 - 11:30 &\n13:30 - 17:00",
         "winter_title":"Mùa đông",
         "winter":"07:30 - 12:00 &\n13:30 - 17:00"
      },
      "fare":{
         "title":"Giá vé",
         "adult_title":"Người lớn",
         "adult":"100.000 VNĐ",
         "children_above_12_title":"Trẻ em trên 1m2",
         "children_above_12":"100.000 VNĐ",
         "children_under_12_title":"Trẻ em dưới 1m2",
         "children_under_12":"Miễn phí"
      },
      "contact_info":{
         "title":"Thông tin liên hệ",
         "phone_title":"Số điện thoại",
         "phone":"02383.825.107",
         "phone_title":"Email",
         "email":"kdtkimlienn@gmail.com",
         "phone_title":"Địa chỉ",
         "address":"MHF3+MRH, Quốc Lộ 46, Kim Liên, Nam Đàn, Nghệ An, Việt Nam"
      },
      "introduce":{
         "title":"Giới thiệu chung",
         "description":"Khu di tích lịch sử Kim Liên là khu di tích tưởng niệm chủ tịch Hồ Chí Minh tại xã Kim Liên, huyện Nam Đàn, tỉnh Nghệ An, cách thành phố Vinh khoảng 15 km theo tỉnh lộ 49.\n\nKhu di tích lịch sử Kim Liên cách thành phố Vinh khoảng 15km và cách trung tâm thị xã Cửa Lò khoảng 26km. Đây là khu di tích có ý nghĩa đặc biệt quan trọng của quốc gia, tọa lạc trên diện tích 205 ha với nhiều địa điểm tham quan cách nhau 2km - 10km."
      }
}