{
    "version": 10,

    "homePage": {
        "background": "bg_home.png"
    },
    "locationKimLien": {
        "lat": 18.6742051,
        "lng": 105.5524059
    },
    "duration": 86400,
    "giaVe": "100,000 VND",
    "themes": [
        {
            "id": "1",
            "imageUrl": "Que_ngoai_Hoang_Tru/thumb.jpg",
            "numberOfStory": 20,
            "title": "Quê ngoại Hoàng Trù",
            "totalTime": 1800,
            "story": [
                {
                    "id": 1,
                    "index": "1",
                    "title": "Giới thiệu chung KDT Kim Liên",
                    "thumb": "Que_ngoai_Hoang_Tru/story/story_1_thumb.jpg"
                },
                {
                    "id": 2,
                    "index": 2,
                    "title": "Giới thiệu chung về quê ngoại",
                    "thumb": "Que_ngoai_Hoang_Tru/story/story_2_thumb.jpg"
                },
                {
                    "id": 3,
                    "index": 3,
                    "title": "Giới thiệu khu lưu niệm",
                    "thumb": "Que_ngoai_Hoang_Tru/story/story_3_thumb.jpg"
                },
                {
                    "id": 4,
                    "index": 4,
                    "title": "Giới thiệu chung cụm di tích quê ngoại",
                    "thumb": "Que_ngoai_Hoang_Tru/story/story_4_thumb.jpg"
                },
                {
                    "id": 5,
                    "index": 5,
                    "title": "Hộ láng giềng 1: hộ ông Hoàng Xuân Thục",
                    "thumb": "Que_ngoai_Hoang_Tru/story/story_5_thumb.jpg"
                },
                {
                    "id": 6,
                    "index": 6,
                    "title": "Hộ láng giềng ông Hoàng Phan Mỹ",
                    "thumb": "Que_ngoai_Hoang_Tru/story/story_6_thumb.jpg"
                },
                {
                    "id": 7,
                    "index": 7,
                    "title": "Hộ láng giềng ông Hoàng Phan Quỳnh",
                    "thumb": "Que_ngoai_Hoang_Tru/story/story_7_thumb.jpg"
                },
                {
                    "id": 8,
                    "index": 8,
                    "title": "Ngôi nhà của ông Hoàng Xuân Đường",
                    "thumb": "Que_ngoai_Hoang_Tru/story/story_8_thumb.jpg"
                },
                {
                    "id": 9,
                    "index": 9,
                    "title": "Cuộc gặp gỡ giữa cụ Hoàng Đường và ông Nguyễn Sinh Sắc",
                    "thumb": "Que_ngoai_Hoang_Tru/story/story_9_thumb.jpg"
                },
                {
                    "id": 10,
                    "index": 10,
                    "title": "Tiểu sử cụ Hoàng Xuân Đường",
                    "thumb": "Que_ngoai_Hoang_Tru/story/story_10_thumb.jpg"
                }
            ]
        },
        {
            "id": "2",
            "imageUrl": "Khu_mo_ba_Hoang_Thi_Loan/thumb.jpg",
            "numberOfStory": 25,
            "title": "Khu mộ bà Hoàng Thị Loan",
            "totalTime": 1200,
            "story": [
                {
                    "id": 21,
                    "index": 1,
                    "title": "Giới thiệu về bà Hoàng Thị Loan",
                    "thumb": "Khu_mo_ba_Hoang_Thi_Loan/story/story_1_thumb.png"
                },
                {
                    "id": 22,
                    "index": 2,
                    "title": "Ngã 3 rẽ vào con đường Thanh niên dẫn vào khu di tích",
                    "thumb": "Khu_mo_ba_Hoang_Thi_Loan/story/story_2_thumb.png"
                },
                {
                    "id": 23,
                    "index": 3,
                    "title": "Bậc cầu thang bắt đầu đi lên khu mộ",
                    "thumb": "Khu_mo_ba_Hoang_Thi_Loan/story/story_3_thumb.png"
                },
                {
                    "id": 24,
                    "index": 4,
                    "title": "Nhà truyền thống",
                    "thumb": "Khu_mo_ba_Hoang_Thi_Loan/story/story_4_thumb.png"
                },
                {
                    "id": 25,
                    "index": 5,
                    "title": "Bậc cầu thang bắt đầu lăng mộ",
                    "thumb": "Khu_mo_ba_Hoang_Thi_Loan/story/story_5_thumb.png"
                }
            ]
        },
        {
            "id": "3",
            "imageUrl": "Que_noi_lang_Sen/thumb.jpg",
            "numberOfStory": 18,
            "title": "Quê nội làng Sen",
            "totalTime": 900,
            "story": [
                {
                    "id": 26,
                    "index": 1,
                    "title": "Giếng Cốc",
                    "thumb": "Que_noi_lang_Sen/story/story_1_thumb.png"
                },
                {
                    "id": 27,
                    "index": 2,
                    "title": "Nhà cụ Phó bảng Nguyễn Sinh Sắc",
                    "thumb": "Que_noi_lang_Sen/story/story_2_thumb.png"
                },
                {
                    "id": 28,
                    "index": 3,
                    "title": "Hiện vật Tấm phản",
                    "thumb": "Que_noi_lang_Sen/story/story_3_thumb.png"
                },
                {
                    "id": 29,
                    "index": 4,
                    "title": "Gian nhà trong",
                    "thumb": "Que_noi_lang_Sen/story/story_4_thumb.png"
                }

            ]
        },
        {
            "id": "4",
            "imageUrl": "Den_Chung_Son/thumb.jpg",
            "numberOfStory": 12,
            "title": "Đền Chung Sơn",
            "totalTime": 660,
            "story": [
                {
                    "id": 30,
                    "index": 1,
                    "title": "Gia đình cụ Vương Thúc Quý",
                    "thumb": "Den_Chung_Son/story/story_1_thumb.png"
                },
                {
                    "id": 31,
                    "index": 2,
                    "title": "Đình làng Sen",
                    "thumb": "Den_Chung_Son/story/story_2_thumb.png"
                },
                {
                    "id": 32,
                    "index": 3,
                    "title": "Chùa Đạt",
                    "thumb": "Den_Chung_Son/story/story_3_thumb.png"
                },
                {
                    "id": 33,
                    "index": 4,
                    "title": "Gia đình cụ Vương Thúc Quý",
                    "thumb": "Den_Chung_Son/story/story_4_thumb.png"
                },
                {
                    "id": 34,
                    "index": 5,
                    "title": "Nhà lưu niệm nước CHDCND Lào tặng",
                    "thumb": "Den_Chung_Son/story/story_5_thumb.png"
                }

            ]
        }
    ]
}