{
    "version": 8,

    "homePage": {
        "background": "bg_home.png"
    },
    "locationKimLien": {
        "lat": 18.6742051,
        "lng": 105.5524059
    },
    "duration": 86400,
    "giaVe": "100,000 VND",
    "themes": [
        {
            "id": "1",
            "imageUrl": "Khu_mo_ba_Hoang_Thi_Loan/thumb.png",
            "numberOfStory": 25,
            "title": "Khu mộ bà Hoàng Thị Loan",
            "totalTime": 1200,
            "story": [
                {
                    "id": 1,
                    "index": 1,
                    "title": "Giới thiệu về bà Hoàng Thị Loan",
                    "thumb": "Khu_mo_ba_Hoang_Thi_Loan/story/story_1_thumb.png"
                },
                {
                    "id": 2,
                    "index": 2,
                    "title": "Ngã 3 rẽ vào con đường Thanh niên dẫn vào khu di tích",
                    "thumb": "Khu_mo_ba_Hoang_Thi_Loan/story/story_2_thumb.png"
                },
                {
                    "id": 3,
                    "index": 3,
                    "title": "Bậc cầu thang bắt đầu đi lên khu mộ",
                    "thumb": "Khu_mo_ba_Hoang_Thi_Loan/story/story_3_thumb.png"
                },
                {
                    "id": 4,
                    "index": 4,
                    "title": "Nhà truyền thống",
                    "thumb": "Khu_mo_ba_Hoang_Thi_Loan/story/story_4_thumb.png"
                },
                {
                    "id": 5,
                    "index": 5,
                    "title": "Bậc cầu thang bắt đầu lăng mộ",
                    "thumb": "Khu_mo_ba_Hoang_Thi_Loan/story/story_5_thumb.png"
                }
            ]
        },
        {
            "id": "2",
            "imageUrl": "Que_ngoai_Hoang_Tru/thumb.png",
            "numberOfStory": 20,
            "title": "Quê ngoại Hoàng Trù",
            "totalTime": 1800,
            "story": [
                {
                    "id": 6,
                    "index": 1,
                    "title": "Khu lưu niệm trước cửa vào Khu di tích",
                    "thumb": "Que_ngoai_Hoang_Tru/story/story_1_thumb.png"
                },
                {
                    "id": 7,
                    "index": 2,
                    "title": "Điểm kết thúc khu lưu niệm, bắt đầu tham quan",
                    "thumb": "Que_ngoai_Hoang_Tru/story/story_2_thumb.png"
                },
                {
                    "id": 8,
                    "index": 3,
                    "title": "Nhà thờ họ Hoàng Xuân",
                    "thumb": "Que_ngoai_Hoang_Tru/story/story_3_thumb.png"
                },
                {
                    "id": 9,
                    "index": 4,
                    "title": "Ngôi nhà nơi chủ tịch HCM ra đời",
                    "thumb": "Que_ngoai_Hoang_Tru/story/story_4_thumb.png"
                }
            ]
        },
        {
            "id": "3",
            "imageUrl": "Que_noi_lang_Sen/thumb.png",
            "numberOfStory": 18,
            "title": "Quê nội làng Sen",
            "totalTime": 900,
            "story": [
                {
                    "id": 10,
                    "index": 1,
                    "title": "Giếng Cốc",
                    "thumb": "Que_noi_lang_Sen/story/story_1_thumb.png"
                },
                {
                    "id": 11,
                    "index": 2,
                    "title": "Nhà cụ Phó bảng Nguyễn Sinh Sắc",
                    "thumb": "Que_noi_lang_Sen/story/story_2_thumb.png"
                },
                {
                    "id": 12,
                    "index": 3,
                    "title": "Hiện vật Tấm phản",
                    "thumb": "Que_noi_lang_Sen/story/story_3_thumb.png"
                },
                {
                    "id": 13,
                    "index": 4,
                    "title": "Gian nhà trong",
                    "thumb": "Que_noi_lang_Sen/story/story_4_thumb.png"
                }

            ]
        },
        {
            "id": "4",
            "imageUrl": "Den_Chung_Son/thumb.png",
            "numberOfStory": 12,
            "title": "Đền Chung Sơn",
            "totalTime": 660,
            "story": [
                {
                    "id": 14,
                    "index": 1,
                    "title": "Gia đình cụ Vương Thúc Quý",
                    "thumb": "Den_Chung_Son/story/story_1_thumb.png"
                },
                {
                    "id": 15,
                    "index": 2,
                    "title": "Đình làng Sen",
                    "thumb": "Den_Chung_Son/story/story_2_thumb.png"
                },
                {
                    "id": 16,
                    "index": 3,
                    "title": "Chùa Đạt",
                    "thumb": "Den_Chung_Son/story/story_3_thumb.png"
                },
                {
                    "id": 17,
                    "index": 4,
                    "title": "Gia đình cụ Vương Thúc Quý",
                    "thumb": "Den_Chung_Son/story/story_4_thumb.png"
                },
                {
                    "id": 18,
                    "index": 5,
                    "title": "Nhà lưu niệm nước CHDCND Lào tặng",
                    "thumb": "Den_Chung_Son/story/story_5_thumb.png"
                }

            ]
        }
    ]
}